Restaurant,star_rating,no_reviews,cuisine,url
Iketeru Restaurant,5.0,"2,412","Japanese, Seafood",https://www.tripadvisor.com.my/Restaurant_Review-g298570-d796300-Reviews-Iketeru_Restaurant-Kuala_Lumpur_Wilayah_Persekutuan.html
Ishin Japanese Dining,4.5,"1,484","Japanese, Sushi",https://www.tripadvisor.com.my/Restaurant_Review-g298570-d4355273-Reviews-Ishin_Japanese_Dining-Kuala_Lumpur_Wilayah_Persekutuan.html
Chambers Grill,5.0,"1,001","Steakhouse, Grill",https://www.tripadvisor.com.my/Restaurant_Review-g298570-d6556473-Reviews-Chambers_Grill-Kuala_Lumpur_Wilayah_Persekutuan.html
Canopy Rooftop Bar and Lounge,5.0,"2,279","Bar, International",https://www.tripadvisor.com.my/Restaurant_Review-g298570-d11947368-Reviews-Canopy_Rooftop_Bar_and_Lounge-Kuala_Lumpur_Wilayah_Persekutuan.html
Kampachi Plaza33,5.0,779,"Japanese, Sushi",https://www.tripadvisor.com.my/Restaurant_Review-g298313-d4915935-Reviews-Kampachi_Plaza33-Petaling_Jaya_Petaling_District_Selangor.html
Chynna,4.5,"1,092","Chinese, Asian",https://www.tripadvisor.com.my/Restaurant_Review-g298570-d1060218-Reviews-Chynna-Kuala_Lumpur_Wilayah_Persekutuan.html
Positano Risto,5.0,"1,411","Italian, Pizza",https://www.tripadvisor.com.my/Restaurant_Review-g298570-d15297795-Reviews-Positano_Risto-Kuala_Lumpur_Wilayah_Persekutuan.html
Serena Brasserie,4.5,767,"International, Asian",https://www.tripadvisor.com.my/Restaurant_Review-g298570-d3721180-Reviews-Serena_Brasserie-Kuala_Lumpur_Wilayah_Persekutuan.html
Vasco's,5.0,"2,807","International, Asian",https://www.tripadvisor.com.my/Restaurant_Review-g298570-d4831795-Reviews-Vasco_s-Kuala_Lumpur_Wilayah_Persekutuan.html
Kampachi EQ,5.0,376,"Japanese, Sushi",https://www.tripadvisor.com.my/Restaurant_Review-g298570-d1092910-Reviews-Kampachi_EQ-Kuala_Lumpur_Wilayah_Persekutuan.html
Miyabi,5.0,427,"Japanese, Seafood",https://www.tripadvisor.com.my/Restaurant_Review-g298313-d13737561-Reviews-Miyabi-Petaling_Jaya_Petaling_District_Selangor.html
Boardwalk,4.5,165,"Bar, International",https://www.tripadvisor.com.my/Restaurant_Review-g298570-d1115437-Reviews-Boardwalk-Kuala_Lumpur_Wilayah_Persekutuan.html
Sala Bar,5.0,103,"Bar, Pub",https://www.tripadvisor.com.my/Restaurant_Review-g298313-d19736096-Reviews-Sala_Bar-Petaling_Jaya_Petaling_District_Selangor.html
Prime,4.5,905,Steakhouse,https://www.tripadvisor.com.my/Restaurant_Review-g298570-d1637408-Reviews-Prime-Kuala_Lumpur_Wilayah_Persekutuan.html
Yue,5.0,194,"Chinese, Asian",https://www.tripadvisor.com.my/Restaurant_Review-g298313-d15032863-Reviews-Yue-Petaling_Jaya_Petaling_District_Selangor.html
TTDI Meat Point Steakhouse,4.5,190,"Steakhouse, Grill",https://www.tripadvisor.com.my/Restaurant_Review-g298570-d5894203-Reviews-TTDI_Meat_Point_Steakhouse-Kuala_Lumpur_Wilayah_Persekutuan.html
"Flock, W Kuala Lumpur",5.0,443,"International, Asian",https://www.tripadvisor.com.my/Restaurant_Review-g298570-d15125499-Reviews-Flock_W_Kuala_Lumpur-Kuala_Lumpur_Wilayah_Persekutuan.html
"Graze Restaurant, Kuala lumpur",4.5,470,"Italian, Contemporary",https://www.tripadvisor.com.my/Restaurant_Review-g298570-d4604638-Reviews-Graze_Restaurant_Kuala_lumpur-Kuala_Lumpur_Wilayah_Persekutuan.html
Nipah,5.0,289,"Southwestern, International",https://www.tripadvisor.com.my/Restaurant_Review-g298570-d1091560-Reviews-Nipah-Kuala_Lumpur_Wilayah_Persekutuan.html
Sausage KL Cafe & Deli,5.0,324,"Cafe, European",https://www.tripadvisor.com.my/Restaurant_Review-g298570-d15042368-Reviews-Sausage_KL_Cafe_Deli-Kuala_Lumpur_Wilayah_Persekutuan.html
Sky51,5.0,263,"Bar, International",https://www.tripadvisor.com.my/Restaurant_Review-g298570-d25066495-Reviews-Sky51-Kuala_Lumpur_Wilayah_Persekutuan.html
Kwee Zeen,5.0,157,"European, Asian",https://www.tripadvisor.com.my/Restaurant_Review-g298570-d23579155-Reviews-Kwee_Zeen-Kuala_Lumpur_Wilayah_Persekutuan.html
Bottega Lounge,5.0,120,"Bar, Wine Bar",https://www.tripadvisor.com.my/Restaurant_Review-g298570-d19994896-Reviews-Bottega_Lounge-Kuala_Lumpur_Wilayah_Persekutuan.html
Nizza,5.0,576,"French, European",https://www.tripadvisor.com.my/Restaurant_Review-g298570-d13526208-Reviews-Nizza-Kuala_Lumpur_Wilayah_Persekutuan.html
Gastro Sentral,4.5,419,"Bar, Contemporary",https://www.tripadvisor.com.my/Restaurant_Review-g298570-d4084803-Reviews-Gastro_Sentral-Kuala_Lumpur_Wilayah_Persekutuan.html
Iki Omakase,5.0,86,"Japanese, Seafood",https://www.tripadvisor.com.my/Restaurant_Review-g298570-d24053681-Reviews-Iki_Omakase-Kuala_Lumpur_Wilayah_Persekutuan.html
Paya Serai,4.5,695,"International, Asian",https://www.tripadvisor.com.my/Restaurant_Review-g298313-d1091556-Reviews-Paya_Serai-Petaling_Jaya_Petaling_District_Selangor.html
OGA Tea & Dining,5.0,270,"Japanese, Cafe",https://www.tripadvisor.com.my/Restaurant_Review-g298570-d26531755-Reviews-OGA_Tea_Dining-Kuala_Lumpur_Wilayah_Persekutuan.html
The Lounge,5.0,152,"International, Malaysian",https://www.tripadvisor.com.my/Restaurant_Review-g298570-d10624495-Reviews-The_Lounge-Kuala_Lumpur_Wilayah_Persekutuan.html
Sichuan Kitchen,5.0,69,Chinese,https://www.tripadvisor.com.my/Restaurant_Review-g298570-d26865693-Reviews-Sichuan_Kitchen-Kuala_Lumpur_Wilayah_Persekutuan.html
Étoile Bistro,5.0,149,"American, European",https://www.tripadvisor.com.my/Restaurant_Review-g298570-d21101913-Reviews-Etoile_Bistro-Kuala_Lumpur_Wilayah_Persekutuan.html
Kampachi Pavilion,4.5,635,"Japanese, Sushi",https://www.tripadvisor.com.my/Restaurant_Review-g298570-d919240-Reviews-Kampachi_Pavilion-Kuala_Lumpur_Wilayah_Persekutuan.html
Nero Nero,4.5,364,"Italian, European",https://www.tripadvisor.com.my/Restaurant_Review-g298570-d12513281-Reviews-Nero_Nero-Kuala_Lumpur_Wilayah_Persekutuan.html
Sabayon,5.0,395,"European, Contemporary",https://www.tripadvisor.com.my/Restaurant_Review-g298570-d20277548-Reviews-Sabayon-Kuala_Lumpur_Wilayah_Persekutuan.html
The Whisky Bar,4.5,"1,470","Bar, European",https://www.tripadvisor.com.my/Restaurant_Review-g298570-d3834170-Reviews-The_Whisky_Bar-Kuala_Lumpur_Wilayah_Persekutuan.html
Latest Recipe,4.5,"1,253","Chinese, Indian",https://www.tripadvisor.com.my/Restaurant_Review-g298570-d819678-Reviews-Latest_Recipe-Kuala_Lumpur_Wilayah_Persekutuan.html
The Mesh,5.0,73,"International, Asian",https://www.tripadvisor.com.my/Restaurant_Review-g298570-d26825851-Reviews-The_Mesh-Kuala_Lumpur_Wilayah_Persekutuan.html
"YEN, W Kuala Lumpur",5.0,205,"Chinese, Asian",https://www.tripadvisor.com.my/Restaurant_Review-g298570-d15360655-Reviews-YEN_W_Kuala_Lumpur-Kuala_Lumpur_Wilayah_Persekutuan.html
The Grand Getaway by Grand Hyatt Kuala Lumpur,5.0,120,N/A,https://www.tripadvisor.com.my/Restaurant_Review-g298570-d22983303-Reviews-The_Grand_Getaway_by_Grand_Hyatt_Kuala_Lumpur-Kuala_Lumpur_Wilayah_Persekutuan.html
Beta KL,5.0,360,"Asian, Malaysian",https://www.tripadvisor.com.my/Restaurant_Review-g298570-d13418516-Reviews-Beta_KL-Kuala_Lumpur_Wilayah_Persekutuan.html
The Dark Horse - Bar & Grill,5.0,183,"Bars & Pubs, Steakhouse",https://www.tripadvisor.com.my/Restaurant_Review-g298570-d23522151-Reviews-The_Dark_Horse_Bar_Grill-Kuala_Lumpur_Wilayah_Persekutuan.html
Genji Japanese Restaurant,4.5,"1,094","Japanese, Sushi",https://www.tripadvisor.com.my/Restaurant_Review-g298313-d5439209-Reviews-Genji_Japanese_Restaurant-Petaling_Jaya_Petaling_District_Selangor.html
el iberico,4.5,446,"Mediterranean, European",https://www.tripadvisor.com.my/Restaurant_Review-g298570-d13076821-Reviews-El_iberico-Kuala_Lumpur_Wilayah_Persekutuan.html
Skillet KL,4.5,"1,084","European, Asian",https://www.tripadvisor.com.my/Restaurant_Review-g298570-d3522178-Reviews-Skillet_KL-Kuala_Lumpur_Wilayah_Persekutuan.html
Mai Bar,4.5,279,"Bars & Pubs, Bar",https://www.tripadvisor.com.my/Restaurant_Review-g298570-d8456630-Reviews-Mai_Bar-Kuala_Lumpur_Wilayah_Persekutuan.html
Cielo Sky Dining & Lounge,5.0,984,"Bar, Seafood",https://www.tripadvisor.com.my/Restaurant_Review-g298570-d13550462-Reviews-Cielo_Sky_Dining_Lounge-Kuala_Lumpur_Wilayah_Persekutuan.html
Nadodi KL,4.5,233,"Indian, Asian",https://www.tripadvisor.com.my/Restaurant_Review-g298570-d12247992-Reviews-Nadodi_KL-Kuala_Lumpur_Wilayah_Persekutuan.html
Dining In The Dark KL,4.5,"2,034","International, Healthy",https://www.tripadvisor.com.my/Restaurant_Review-g298570-d3677326-Reviews-Dining_In_The_Dark_KL-Kuala_Lumpur_Wilayah_Persekutuan.html
Healy Mac's,4.5,610,"Bars & Pubs, Irish",https://www.tripadvisor.com.my/Restaurant_Review-g298570-d12254502-Reviews-Healy_Mac_s-Kuala_Lumpur_Wilayah_Persekutuan.html
Mandarin Grill,4.5,556,"Italian, Steakhouse",https://www.tripadvisor.com.my/Restaurant_Review-g298570-d2092437-Reviews-Mandarin_Grill-Kuala_Lumpur_Wilayah_Persekutuan.html
Makan Kitchen,4.5,664,"Healthy, Malaysian",https://www.tripadvisor.com.my/Restaurant_Review-g298570-d3732108-Reviews-Makan_Kitchen-Kuala_Lumpur_Wilayah_Persekutuan.html
Horizon Grill,4.5,268,"Steakhouse, International",https://www.tripadvisor.com.my/Restaurant_Review-g298570-d14791132-Reviews-Horizon_Grill-Kuala_Lumpur_Wilayah_Persekutuan.html
Rooftop 25 Bar And Lounge Kl,4.5,207,"Bars & Pubs, Asian",https://www.tripadvisor.com.my/Restaurant_Review-g298570-d17329080-Reviews-Rooftop_25_Bar_And_Lounge_Kl-Kuala_Lumpur_Wilayah_Persekutuan.html
Khan's Indian Cuisine,4.5,213,"Indian, Asian",https://www.tripadvisor.com.my/Restaurant_Review-g298570-d15119941-Reviews-Khan_s_Indian_Cuisine-Kuala_Lumpur_Wilayah_Persekutuan.html
The Lounge at Four Seasons,4.5,222,International,https://www.tripadvisor.com.my/Restaurant_Review-g298570-d14957251-Reviews-The_Lounge_at_Four_Seasons-Kuala_Lumpur_Wilayah_Persekutuan.html
The Living Room,4.5,383,"International, Asian",https://www.tripadvisor.com.my/Restaurant_Review-g298570-d1097420-Reviews-The_Living_Room-Kuala_Lumpur_Wilayah_Persekutuan.html
Yun House,4.5,256,"Chinese, Seafood",https://www.tripadvisor.com.my/Restaurant_Review-g298570-d14827076-Reviews-Yun_House-Kuala_Lumpur_Wilayah_Persekutuan.html
Manja,4.5,773,"Contemporary, Central Asian",https://www.tripadvisor.com.my/Restaurant_Review-g298570-d8609458-Reviews-Manja-Kuala_Lumpur_Wilayah_Persekutuan.html
Pier 12 Seafood Tavern,4.5,539,"Seafood, International",https://www.tripadvisor.com.my/Restaurant_Review-g298570-d10825554-Reviews-Pier_12_Seafood_Tavern-Kuala_Lumpur_Wilayah_Persekutuan.html
Le Petit Chef - Kuala Lumpur,4.5,391,"French, Chinese",https://www.tripadvisor.com.my/Restaurant_Review-g298570-d21184087-Reviews-Le_Petit_Chef_Kuala_Lumpur-Kuala_Lumpur_Wilayah_Persekutuan.html
Nook,4.5,485,"International, Asian",https://www.tripadvisor.com.my/Restaurant_Review-g298570-d7322222-Reviews-Nook-Kuala_Lumpur_Wilayah_Persekutuan.html
Healy Mac's Irish Bar and Restaurant,4.5,563,"Bars & Pubs, Irish",https://www.tripadvisor.com.my/Restaurant_Review-g298570-d8710655-Reviews-Healy_Mac_s_Irish_Bar_and_Restaurant-Kuala_Lumpur_Wilayah_Persekutuan.html
Zenzero Restaurant & Wine Bar,4.5,715,"Italian, European",https://www.tripadvisor.com.my/Restaurant_Review-g298570-d6155771-Reviews-Zenzero_Restaurant_Wine_Bar-Kuala_Lumpur_Wilayah_Persekutuan.html
Old Shanghai,4.5,"2,043","Chinese, Bar",https://www.tripadvisor.com.my/Restaurant_Review-g298570-d6863950-Reviews-Old_Shanghai-Kuala_Lumpur_Wilayah_Persekutuan.html
The Steakhouse KL,4.5,"1,248",Steakhouse,https://www.tripadvisor.com.my/Restaurant_Review-g298570-d3870396-Reviews-The_Steakhouse_KL-Kuala_Lumpur_Wilayah_Persekutuan.html
Vin's Restaurant and Bar,4.5,508,"Bar, International",https://www.tripadvisor.com.my/Restaurant_Review-g298570-d1935181-Reviews-Vin_s_Restaurant_and_Bar-Kuala_Lumpur_Wilayah_Persekutuan.html
El Cerdo,4.5,"1,337","European, Spanish",https://www.tripadvisor.com.my/Restaurant_Review-g298570-d877517-Reviews-El_Cerdo-Kuala_Lumpur_Wilayah_Persekutuan.html
Le Bar Cocktails & Stories,5.0,71,"Bar, Wine Bar",https://www.tripadvisor.com.my/Restaurant_Review-g298570-d23760893-Reviews-Le_Bar_Cocktails_Stories-Kuala_Lumpur_Wilayah_Persekutuan.html
Quivo Pavilion,4.5,"1,026","Italian, Bar",https://www.tripadvisor.com.my/Restaurant_Review-g298570-d7085237-Reviews-Quivo_Pavilion-Kuala_Lumpur_Wilayah_Persekutuan.html
BBQ NIGHTS,4.5,919,"Indian, Barbecue",https://www.tripadvisor.com.my/Restaurant_Review-g298570-d5863216-Reviews-BBQ_NIGHTS-Kuala_Lumpur_Wilayah_Persekutuan.html
Malai Thai Cuisine,4.5,383,"Asian, Thai",https://www.tripadvisor.com.my/Restaurant_Review-g298570-d14197079-Reviews-Malai_Thai_Cuisine-Kuala_Lumpur_Wilayah_Persekutuan.html
Toh Yuen Chinese Restaurant,4.5,242,"Chinese, Asian",https://www.tripadvisor.com.my/Restaurant_Review-g298313-d1091557-Reviews-Toh_Yuen_Chinese_Restaurant-Petaling_Jaya_Petaling_District_Selangor.html
Knowhere Bangsar,5.0,90,"Bars & Pubs, Bar",https://www.tripadvisor.com.my/Restaurant_Review-g298570-d15223699-Reviews-Knowhere_Bangsar-Kuala_Lumpur_Wilayah_Persekutuan.html
Oro Cafe,5.0,58,"Cafe, International",https://www.tripadvisor.com.my/Restaurant_Review-g298570-d21330700-Reviews-Oro_Cafe-Kuala_Lumpur_Wilayah_Persekutuan.html
LUCE Osteria Contemporanea,4.5,236,"Italian, Pizza",https://www.tripadvisor.com.my/Restaurant_Review-g298570-d10742157-Reviews-LUCE_Osteria_Contemporanea-Kuala_Lumpur_Wilayah_Persekutuan.html
Aliyaa Island Restaurant & Bar,4.5,254,"Seafood, Asian",https://www.tripadvisor.com.my/Restaurant_Review-g298570-d1371262-Reviews-Aliyaa_Island_Restaurant_Bar-Kuala_Lumpur_Wilayah_Persekutuan.html
JP teres,4.5,283,"Chinese, Indian",https://www.tripadvisor.com.my/Restaurant_Review-g298570-d3501952-Reviews-JP_teres-Kuala_Lumpur_Wilayah_Persekutuan.html
Tg's Nasi Kandar,4.5,"1,026","Indian, Asian",https://www.tripadvisor.com.my/Restaurant_Review-g298570-d3470466-Reviews-Tg_s_Nasi_Kandar-Kuala_Lumpur_Wilayah_Persekutuan.html
THIRTY8,4.0,898,"International, Dining bars",https://www.tripadvisor.com.my/Restaurant_Review-g298570-d3501957-Reviews-THIRTY8-Kuala_Lumpur_Wilayah_Persekutuan.html
Gravybaby Jalan P Ramlee,4.5,364,"Fast food, European",https://www.tripadvisor.com.my/Restaurant_Review-g298570-d14930177-Reviews-Gravybaby_Jalan_P_Ramlee-Kuala_Lumpur_Wilayah_Persekutuan.html
Curate At Four Seasons Hotel Kuala Lumpur,4.5,280,"International, Asian",https://www.tripadvisor.com.my/Restaurant_Review-g298570-d14827104-Reviews-Curate_At_Four_Seasons_Hotel_Kuala_Lumpur-Kuala_Lumpur_Wilayah_Persekutuan.html
Eat X Dignity Cafe,4.5,131,"Cafe, Asian",https://www.tripadvisor.com.my/Restaurant_Review-g298570-d8477721-Reviews-Eat_X_Dignity_Cafe-Kuala_Lumpur_Wilayah_Persekutuan.html
Antipodean Atria,4.5,264,"Cafe, International",https://www.tripadvisor.com.my/Restaurant_Review-g298313-d12091351-Reviews-Antipodean_Atria-Petaling_Jaya_Petaling_District_Selangor.html
Fuego at Troika Sky Dining,4.5,800,"Latin, Central American",https://www.tripadvisor.com.my/Restaurant_Review-g298570-d6868763-Reviews-Fuego_at_Troika_Sky_Dining-Kuala_Lumpur_Wilayah_Persekutuan.html
Mosaic,4.5,734,"International, Sushi",https://www.tripadvisor.com.my/Restaurant_Review-g298570-d3461900-Reviews-Mosaic-Kuala_Lumpur_Wilayah_Persekutuan.html
Burger & Sushi,5.0,93,"Japanese, Sushi",https://www.tripadvisor.com.my/Restaurant_Review-g298570-d11434895-Reviews-Burger_Sushi-Kuala_Lumpur_Wilayah_Persekutuan.html
Samad Al Iraqi Restaurant,4.5,178,"International, Healthy",https://www.tripadvisor.com.my/Restaurant_Review-g298570-d9458158-Reviews-Samad_Al_Iraqi_Restaurant-Kuala_Lumpur_Wilayah_Persekutuan.html
D Empire Pavilion,4.5,203,"Steakhouse, European",https://www.tripadvisor.com.my/Restaurant_Review-g298570-d11705741-Reviews-D_Empire_Pavilion-Kuala_Lumpur_Wilayah_Persekutuan.html
Kin Thai Restaurant,4.5,258,"Seafood, Asian",https://www.tripadvisor.com.my/Restaurant_Review-g298570-d16857245-Reviews-Kin_Thai_Restaurant-Kuala_Lumpur_Wilayah_Persekutuan.html
El Toro Loco KL,5.0,150,"Bar, Mediterranean",https://www.tripadvisor.com.my/Restaurant_Review-g298570-d15610270-Reviews-El_Toro_Loco_KL-Kuala_Lumpur_Wilayah_Persekutuan.html
Sao Nam Vietnamese Cuisine,4.5,480,Vietnamese,https://www.tripadvisor.com.my/Restaurant_Review-g298570-d1020059-Reviews-Sao_Nam_Vietnamese_Cuisine-Kuala_Lumpur_Wilayah_Persekutuan.html
Lai Po Heen,4.5,521,"Chinese, Asian",https://www.tripadvisor.com.my/Restaurant_Review-g298570-d1065676-Reviews-Lai_Po_Heen-Kuala_Lumpur_Wilayah_Persekutuan.html
Din Tai Fung Pavilion KL,4.5,"1,537","Chinese, Asian",https://www.tripadvisor.com.my/Restaurant_Review-g298570-d3701826-Reviews-Din_Tai_Fung_Pavilion_KL-Kuala_Lumpur_Wilayah_Persekutuan.html
Pinchos Tapas Bar,4.5,591,"Bar, Mediterranean",https://www.tripadvisor.com.my/Restaurant_Review-g298570-d2313061-Reviews-Pinchos_Tapas_Bar-Kuala_Lumpur_Wilayah_Persekutuan.html
WXYZ Bar,4.5,115,"Bar, Wine Bar",https://www.tripadvisor.com.my/Restaurant_Review-g298570-d8686400-Reviews-WXYZ_Bar-Kuala_Lumpur_Wilayah_Persekutuan.html
Tamarind Hill Kuala Lumpur By Samadhi,4.5,612,"Asian, Thai",https://www.tripadvisor.com.my/Restaurant_Review-g298570-d785559-Reviews-Tamarind_Hill_Kuala_Lumpur_By_Samadhi-Kuala_Lumpur_Wilayah_Persekutuan.html
Ciccio Bar Pizzeria,4.5,433,"Italian, Neapolitan",https://www.tripadvisor.com.my/Restaurant_Review-g298570-d1020630-Reviews-Ciccio_Bar_Pizzeria-Kuala_Lumpur_Wilayah_Persekutuan.html
Taps Beer Bar,4.5,501,"Bar, Pub",https://www.tripadvisor.com.my/Restaurant_Review-g298570-d2715384-Reviews-Taps_Beer_Bar-Kuala_Lumpur_Wilayah_Persekutuan.html
"Nam Heong Vintage, Pavilion Elite",4.5,877,"Cantonese, Malaysian",https://www.tripadvisor.com.my/Restaurant_Review-g298570-d12334897-Reviews-Nam_Heong_Vintage_Pavilion_Elite-Kuala_Lumpur_Wilayah_Persekutuan.html
Qureshi Malaysia,4.5,198,"Indian, Asian",https://www.tripadvisor.com.my/Restaurant_Review-g298570-d7247738-Reviews-Qureshi_Malaysia-Kuala_Lumpur_Wilayah_Persekutuan.html
Tosca,4.5,194,"Italian, Pizza",https://www.tripadvisor.com.my/Restaurant_Review-g298570-d2252678-Reviews-Tosca-Kuala_Lumpur_Wilayah_Persekutuan.html
myBurgerLab,4.5,410,American,https://www.tripadvisor.com.my/Restaurant_Review-g298313-d3536823-Reviews-MyBurgerLab-Petaling_Jaya_Petaling_District_Selangor.html
Betel Leaf,4.5,593,"Indian, Asian",https://www.tripadvisor.com.my/Restaurant_Review-g298570-d2423743-Reviews-Betel_Leaf-Kuala_Lumpur_Wilayah_Persekutuan.html
Antipodean Bangsar,4.0,490,"Cafe, International",https://www.tripadvisor.com.my/Restaurant_Review-g298570-d2265078-Reviews-Antipodean_Bangsar-Kuala_Lumpur_Wilayah_Persekutuan.html
Sushi Hibiki,5.0,102,"Japanese, Seafood",https://www.tripadvisor.com.my/Restaurant_Review-g298570-d14784908-Reviews-Sushi_Hibiki-Kuala_Lumpur_Wilayah_Persekutuan.html
Sassorosso,4.5,281,"Italian, Pizza",https://www.tripadvisor.com.my/Restaurant_Review-g298570-d1125050-Reviews-Sassorosso-Kuala_Lumpur_Wilayah_Persekutuan.html
MTR 1924 Malaysia,4.5,273,"Indian, Asian",https://www.tripadvisor.com.my/Restaurant_Review-g298570-d13195492-Reviews-MTR_1924_Malaysia-Kuala_Lumpur_Wilayah_Persekutuan.html
ATAS at The RuMa Hotel & Residences,4.5,85,Contemporary,https://www.tripadvisor.com.my/Restaurant_Review-g298570-d19937789-Reviews-ATAS_at_The_RuMa_Hotel_Residences-Kuala_Lumpur_Wilayah_Persekutuan.html
Tamarind Springs By Samadhi,4.0,600,"Asian, Thai",https://www.tripadvisor.com.my/Restaurant_Review-g298570-d785561-Reviews-Tamarind_Springs_By_Samadhi-Kuala_Lumpur_Wilayah_Persekutuan.html
IPPUDO Pavilion KL,4.0,364,"Japanese, Asian",https://www.tripadvisor.com.my/Restaurant_Review-g298570-d4085358-Reviews-IPPUDO_Pavilion_KL-Kuala_Lumpur_Wilayah_Persekutuan.html
Bijan,4.0,"1,310","Asian, Malaysian",https://www.tripadvisor.com.my/Restaurant_Review-g298570-d1020629-Reviews-Bijan-Kuala_Lumpur_Wilayah_Persekutuan.html
Marini's on 57,4.0,"1,430","Italian, European",https://www.tripadvisor.com.my/Restaurant_Review-g298570-d3244412-Reviews-Marini_s_on_57-Kuala_Lumpur_Wilayah_Persekutuan.html
Village Park Restaurant,4.0,"1,092","Asian, Malaysian",https://www.tripadvisor.com.my/Restaurant_Review-g298313-d2014691-Reviews-Village_Park_Restaurant-Petaling_Jaya_Petaling_District_Selangor.html
Wan Chun Ting,5.0,63,"Chinese, Asian",https://www.tripadvisor.com.my/Restaurant_Review-g298570-d15813663-Reviews-Wan_Chun_Ting-Kuala_Lumpur_Wilayah_Persekutuan.html
Charcoal Restaurant,4.5,103,"Grill, Malaysian",https://www.tripadvisor.com.my/Restaurant_Review-g298316-d8600474-Reviews-Charcoal_Restaurant-Shah_Alam_Petaling_District_Selangor.html
Restoran Yusoof dan Zakhir,4.0,464,"Indian, Asian",https://www.tripadvisor.com.my/Restaurant_Review-g298570-d1165565-Reviews-Restoran_Yusoof_dan_Zakhir-Kuala_Lumpur_Wilayah_Persekutuan.html
2OX Two Ox,4.5,187,"French, European",https://www.tripadvisor.com.my/Restaurant_Review-g298570-d9587672-Reviews-2OX_Two_Ox-Kuala_Lumpur_Wilayah_Persekutuan.html
AQUA Restaurant & Bar,4.5,151,"American, Bar",https://www.tripadvisor.com.my/Restaurant_Review-g298570-d8401491-Reviews-AQUA_Restaurant_Bar-Kuala_Lumpur_Wilayah_Persekutuan.html
myBurgerLab Oug,4.5,210,"American, Fast food",https://www.tripadvisor.com.my/Restaurant_Review-g298570-d7182744-Reviews-MyBurgerLab_Oug-Kuala_Lumpur_Wilayah_Persekutuan.html
Lemon Garden,4.0,840,"International, Asian",https://www.tripadvisor.com.my/Restaurant_Review-g298570-d815127-Reviews-Lemon_Garden-Kuala_Lumpur_Wilayah_Persekutuan.html
THE TOKYO RESTAURANT.,4.5,244,"Japanese, Fusion",https://www.tripadvisor.com.my/Restaurant_Review-g298570-d12131029-Reviews-THE_TOKYO_RESTAURANT-Kuala_Lumpur_Wilayah_Persekutuan.html
Tatsu Japanese Cuisine,4.5,171,"Japanese, Sushi",https://www.tripadvisor.com.my/Restaurant_Review-g298570-d4225771-Reviews-Tatsu_Japanese_Cuisine-Kuala_Lumpur_Wilayah_Persekutuan.html
Nori Sushi,4.5,117,"Japanese, Seafood",https://www.tripadvisor.com.my/Restaurant_Review-g298570-d14912498-Reviews-Nori_Sushi-Kuala_Lumpur_Wilayah_Persekutuan.html
Via Pre Kul,4.5,113,"Italian, Pizza",https://www.tripadvisor.com.my/Restaurant_Review-g298570-d11799251-Reviews-Via_Pre_Kul-Kuala_Lumpur_Wilayah_Persekutuan.html
RSMY,4.0,319,"Indian, Asian",https://www.tripadvisor.com.my/Restaurant_Review-g298570-d1152913-Reviews-RSMY-Kuala_Lumpur_Wilayah_Persekutuan.html
Shin Kee Beef Noodle Specialist,4.5,183,"Chinese, Asian",https://www.tripadvisor.com.my/Restaurant_Review-g298570-d3858922-Reviews-Shin_Kee_Beef_Noodle_Specialist-Kuala_Lumpur_Wilayah_Persekutuan.html
BBQ Nights,4.5,158,"Indian, Barbecue",https://www.tripadvisor.com.my/Restaurant_Review-g298570-d9731839-Reviews-BBQ_Nights-Kuala_Lumpur_Wilayah_Persekutuan.html
Tao Chinese Cuisine,4.5,144,"Chinese, Asian",https://www.tripadvisor.com.my/Restaurant_Review-g298570-d3199956-Reviews-Tao_Chinese_Cuisine-Kuala_Lumpur_Wilayah_Persekutuan.html
Bimba Cafe SS2,5.0,43,"Bar, Cafe",https://www.tripadvisor.com.my/Restaurant_Review-g298313-d24171799-Reviews-Bimba_Cafe_SS2-Petaling_Jaya_Petaling_District_Selangor.html
Bombay Palace,4.0,542,"Indian, Asian",https://www.tripadvisor.com.my/Restaurant_Review-g298570-d969030-Reviews-Bombay_Palace-Kuala_Lumpur_Wilayah_Persekutuan.html
Jalan Alor,4.0,708,"Chinese, Seafood",https://www.tripadvisor.com.my/Restaurant_Review-g298570-d19808154-Reviews-Jalan_Alor-Kuala_Lumpur_Wilayah_Persekutuan.html
Nasi Kandar Pelita,4.0,730,"Indian, Asian",https://www.tripadvisor.com.my/Restaurant_Review-g298570-d1165286-Reviews-Nasi_Kandar_Pelita-Kuala_Lumpur_Wilayah_Persekutuan.html
Old China Cafe,4.0,801,"Chinese, Asian",https://www.tripadvisor.com.my/Restaurant_Review-g298570-d1128562-Reviews-Old_China_Cafe-Kuala_Lumpur_Wilayah_Persekutuan.html
Bara On Six,4.0,446,"Steakhouse, Grill",https://www.tripadvisor.com.my/Restaurant_Review-g298570-d919372-Reviews-Bara_On_Six-Kuala_Lumpur_Wilayah_Persekutuan.html
FS Nasi Kandar Corner,4.5,187,"Indian, Asian",https://www.tripadvisor.com.my/Restaurant_Review-g298570-d12032654-Reviews-FS_Nasi_Kandar_Corner-Kuala_Lumpur_Wilayah_Persekutuan.html
Nobu Kuala Lumpur,4.0,674,"Japanese, Japanese Fusion",https://www.tripadvisor.com.my/Restaurant_Review-g298570-d7147323-Reviews-Nobu_Kuala_Lumpur-Kuala_Lumpur_Wilayah_Persekutuan.html
"WET Deck, W Kuala Lumpur",4.5,196,"Bar, International",https://www.tripadvisor.com.my/Restaurant_Review-g298570-d15125498-Reviews-WET_Deck_W_Kuala_Lumpur-Kuala_Lumpur_Wilayah_Persekutuan.html
Leaf & Co Cafe,4.5,207,"Cafe, Asian",https://www.tripadvisor.com.my/Restaurant_Review-g298570-d10876892-Reviews-Leaf_Co_Cafe-Kuala_Lumpur_Wilayah_Persekutuan.html
La Boca Latino Bar,4.0,346,"Mexican, Latin",https://www.tripadvisor.com.my/Restaurant_Review-g298570-d4009875-Reviews-La_Boca_Latino_Bar-Kuala_Lumpur_Wilayah_Persekutuan.html
Dewakan Restaurant,4.5,152,"Asian, Malaysian",https://www.tripadvisor.com.my/Restaurant_Review-g298570-d7785726-Reviews-Dewakan_Restaurant-Kuala_Lumpur_Wilayah_Persekutuan.html
Vertigo,4.5,207,"Bars & Pubs, Bar",https://www.tripadvisor.com.my/Restaurant_Review-g298570-d14979880-Reviews-Vertigo-Kuala_Lumpur_Wilayah_Persekutuan.html
Sai Woo,4.0,278,"Chinese, Seafood",https://www.tripadvisor.com.my/Restaurant_Review-g298570-d3642487-Reviews-Sai_Woo-Kuala_Lumpur_Wilayah_Persekutuan.html
Shu Kingdom General Hotpot,5.0,34,"Chinese, Asian",https://www.tripadvisor.com.my/Restaurant_Review-g298570-d23990779-Reviews-Shu_Kingdom_General_Hotpot-Kuala_Lumpur_Wilayah_Persekutuan.html
Fatty Crab Restaurant,4.0,510,"Chinese, Seafood",https://www.tripadvisor.com.my/Restaurant_Review-g298313-d896634-Reviews-Fatty_Crab_Restaurant-Petaling_Jaya_Petaling_District_Selangor.html
DC Restaurant,4.5,111,"French, European",https://www.tripadvisor.com.my/Restaurant_Review-g298570-d7743946-Reviews-DC_Restaurant-Kuala_Lumpur_Wilayah_Persekutuan.html
NZ Curry House,4.0,312,"Indian, Asian",https://www.tripadvisor.com.my/Restaurant_Review-g298570-d866765-Reviews-NZ_Curry_House-Kuala_Lumpur_Wilayah_Persekutuan.html
The Lobby Lounge,4.5,196,N/A,https://www.tripadvisor.com.my/Restaurant_Review-g298570-d2514806-Reviews-The_Lobby_Lounge-Kuala_Lumpur_Wilayah_Persekutuan.html
Japas By Jeff Ramsey,5.0,55,"Japanese, Spanish",https://www.tripadvisor.com.my/Restaurant_Review-g298570-d21377697-Reviews-Japas_By_Jeff_Ramsey-Kuala_Lumpur_Wilayah_Persekutuan.html
Antipodean Mid Valley,4.0,271,"Cafe, International",https://www.tripadvisor.com.my/Restaurant_Review-g298570-d6749612-Reviews-Antipodean_Mid_Valley-Kuala_Lumpur_Wilayah_Persekutuan.html
Lounge on the Park,4.5,155,N/A,https://www.tripadvisor.com.my/Restaurant_Review-g298570-d7269279-Reviews-Lounge_on_the_Park-Kuala_Lumpur_Wilayah_Persekutuan.html
Din Tai Fung at The Gardens Mall,4.0,303,"Chinese, Asian",https://www.tripadvisor.com.my/Restaurant_Review-g298570-d1089297-Reviews-Din_Tai_Fung_at_The_Gardens_Mall-Kuala_Lumpur_Wilayah_Persekutuan.html
Little Penang Cafe,4.0,579,"Asian, Nonya/Malaysian",https://www.tripadvisor.com.my/Restaurant_Review-g298570-d911587-Reviews-Little_Penang_Cafe-Kuala_Lumpur_Wilayah_Persekutuan.html
Yut Kee,4.0,393,"Chinese, Asian",https://www.tripadvisor.com.my/Restaurant_Review-g298570-d1084478-Reviews-Yut_Kee-Kuala_Lumpur_Wilayah_Persekutuan.html
BAAN 26,4.0,241,"Asian, Thai",https://www.tripadvisor.com.my/Restaurant_Review-g298570-d1953647-Reviews-BAAN_26-Kuala_Lumpur_Wilayah_Persekutuan.html
Hakka Restaurant,4.0,947,"Chinese, Asian",https://www.tripadvisor.com.my/Restaurant_Review-g298570-d1571726-Reviews-Hakka_Restaurant-Kuala_Lumpur_Wilayah_Persekutuan.html
Dc Comics Superheroes Cafe,4.0,211,Cafe,https://www.tripadvisor.com.my/Restaurant_Review-g298570-d10277147-Reviews-Dc_Comics_Superheroes_Cafe-Kuala_Lumpur_Wilayah_Persekutuan.html
Dancing Fish,4.0,221,"Asian, Indonesian",https://www.tripadvisor.com.my/Restaurant_Review-g298570-d2408797-Reviews-Dancing_Fish-Kuala_Lumpur_Wilayah_Persekutuan.html
Shang Palace,4.5,306,"Chinese, Asian",https://www.tripadvisor.com.my/Restaurant_Review-g298570-d1134195-Reviews-Shang_Palace-Kuala_Lumpur_Wilayah_Persekutuan.html
The Brasserie - The St. Regis Kuala Lumpur,4.5,107,"French, European",https://www.tripadvisor.com.my/Restaurant_Review-g298570-d10542739-Reviews-The_Brasserie_The_St_Regis_Kuala_Lumpur-Kuala_Lumpur_Wilayah_Persekutuan.html
Yellow Brick Road,4.0,205,Cafe,https://www.tripadvisor.com.my/Restaurant_Review-g298570-d8334124-Reviews-Yellow_Brick_Road-Kuala_Lumpur_Wilayah_Persekutuan.html
The Rabbit Hole,4.0,222,"Bar, International",https://www.tripadvisor.com.my/Restaurant_Review-g298570-d6384401-Reviews-The_Rabbit_Hole-Kuala_Lumpur_Wilayah_Persekutuan.html
Loco bar and restaurant,4.0,240,"Mexican, Southwestern",https://www.tripadvisor.com.my/Restaurant_Review-g298570-d2718726-Reviews-Loco_bar_and_restaurant-Kuala_Lumpur_Wilayah_Persekutuan.html
Halab KL,4.5,264,"Mediterranean, Middle Eastern",https://www.tripadvisor.com.my/Restaurant_Review-g298570-d10083838-Reviews-Halab_KL-Kuala_Lumpur_Wilayah_Persekutuan.html
Limapulo Baba Can Cook,4.0,258,"Asian, Nonya/Malaysian",https://www.tripadvisor.com.my/Restaurant_Review-g298570-d6425643-Reviews-Limapulo_Baba_Can_Cook-Kuala_Lumpur_Wilayah_Persekutuan.html
Li Yen,4.5,221,"Chinese, Asian",https://www.tripadvisor.com.my/Restaurant_Review-g298570-d1134081-Reviews-Li_Yen-Kuala_Lumpur_Wilayah_Persekutuan.html
Sangeetha,4.0,344,"Indian, Asian",https://www.tripadvisor.com.my/Restaurant_Review-g298570-d1048793-Reviews-Sangeetha-Kuala_Lumpur_Wilayah_Persekutuan.html
Al-Halabi Gourmet Restaurant,4.5,229,"Lebanese, Mediterranean",https://www.tripadvisor.com.my/Restaurant_Review-g298570-d8613817-Reviews-Al_Halabi_Gourmet_Restaurant-Kuala_Lumpur_Wilayah_Persekutuan.html
Brasserie 25,4.5,135,"International, Contemporary",https://www.tripadvisor.com.my/Restaurant_Review-g298570-d12364131-Reviews-Brasserie_25-Kuala_Lumpur_Wilayah_Persekutuan.html
Overseas Restaurant,4.0,379,"Chinese, Seafood",https://www.tripadvisor.com.my/Restaurant_Review-g298570-d1011065-Reviews-Overseas_Restaurant-Kuala_Lumpur_Wilayah_Persekutuan.html
Emily's Steakhouse Kuala Lumpur,4.5,103,"Steakhouse, British",https://www.tripadvisor.com.my/Restaurant_Review-g298570-d17543167-Reviews-Emily_s_Steakhouse_Kuala_Lumpur-Kuala_Lumpur_Wilayah_Persekutuan.html
Pisco Bar,4.5,172,"Peruvian, Latin",https://www.tripadvisor.com.my/Restaurant_Review-g298570-d3815670-Reviews-Pisco_Bar-Kuala_Lumpur_Wilayah_Persekutuan.html
Contango,4.0,365,Contemporary,https://www.tripadvisor.com.my/Restaurant_Review-g298570-d3723317-Reviews-Contango-Kuala_Lumpur_Wilayah_Persekutuan.html
Michelangelo’s Restaurant @ Pavilion Kuala Lumpur,4.0,436,"Italian, Pizza",https://www.tripadvisor.com.my/Restaurant_Review-g298570-d1008368-Reviews-Michelangelo_s_Restaurant_Pavilion_Kuala_Lumpur-Kuala_Lumpur_Wilayah_Persekutuan.html
Marta's Kitchen Paella Tapas,4.0,195,"Mediterranean, European",https://www.tripadvisor.com.my/Restaurant_Review-g298570-d8626473-Reviews-Marta_s_Kitchen_Paella_Tapas-Kuala_Lumpur_Wilayah_Persekutuan.html
Pampas Reserve Grill & Bar,4.5,243,"Steakhouse, Argentinian",https://www.tripadvisor.com.my/Restaurant_Review-g298570-d951333-Reviews-Pampas_Reserve_Grill_Bar-Kuala_Lumpur_Wilayah_Persekutuan.html
The Green Man Pub & Restaurant,4.0,183,"Bar, European",https://www.tripadvisor.com.my/Restaurant_Review-g298570-d1636227-Reviews-The_Green_Man_Pub_Restaurant-Kuala_Lumpur_Wilayah_Persekutuan.html
Kedai Kopi Lai Foong,4.0,173,"Chinese, Asian",https://www.tripadvisor.com.my/Restaurant_Review-g298570-d1165225-Reviews-Kedai_Kopi_Lai_Foong-Kuala_Lumpur_Wilayah_Persekutuan.html
Hard Rock Cafe,4.0,"1,327",American,https://www.tripadvisor.com.my/Restaurant_Review-g298570-d1116796-Reviews-Hard_Rock_Cafe-Kuala_Lumpur_Wilayah_Persekutuan.html
The BBP,4.5,127,"Bar, Barbecue",https://www.tripadvisor.com.my/Restaurant_Review-g298313-d8776167-Reviews-The_BBP-Petaling_Jaya_Petaling_District_Selangor.html
Pomod'Oro Ristorante Italiano,5.0,32,"Italian, Pizza",https://www.tripadvisor.com.my/Restaurant_Review-g298570-d24001386-Reviews-Pomod_Oro_Ristorante_Italiano-Kuala_Lumpur_Wilayah_Persekutuan.html
Madam Kwan's KLCC,4.0,"2,607","Asian, Nonya/Malaysian",https://www.tripadvisor.com.my/Restaurant_Review-g298570-d839307-Reviews-Madam_Kwan_s_KLCC-Kuala_Lumpur_Wilayah_Persekutuan.html
Ebisu at Altitude,5.0,51,"Japanese, Sushi",https://www.tripadvisor.com.my/Restaurant_Review-g298570-d17752935-Reviews-Ebisu_at_Altitude-Kuala_Lumpur_Wilayah_Persekutuan.html
Feast,4.5,82,"Seafood, International",https://www.tripadvisor.com.my/Restaurant_Review-g298313-d13396628-Reviews-Feast-Petaling_Jaya_Petaling_District_Selangor.html
Passage Thru India,4.0,292,"Indian, Asian",https://www.tripadvisor.com.my/Restaurant_Review-g298570-d1110468-Reviews-Passage_Thru_India-Kuala_Lumpur_Wilayah_Persekutuan.html
Cafe etc.,4.5,101,"Cafe, European",https://www.tripadvisor.com.my/Restaurant_Review-g298570-d11844080-Reviews-Cafe_etc-Kuala_Lumpur_Wilayah_Persekutuan.html
Healy Mac's Bangsar,4.5,82,"Bars & Pubs, Irish",https://www.tripadvisor.com.my/Restaurant_Review-g298570-d18962887-Reviews-Healy_Mac_s_Bangsar-Kuala_Lumpur_Wilayah_Persekutuan.html
"CEDAR on 15, Impiana KLCC Hotel",4.5,167,"Italian, American",https://www.tripadvisor.com.my/Restaurant_Review-g298570-d3928622-Reviews-CEDAR_on_15_Impiana_KLCC_Hotel-Kuala_Lumpur_Wilayah_Persekutuan.html
Mr Naan & Mrs Idly,4.5,106,"Indian, Pizza",https://www.tripadvisor.com.my/Restaurant_Review-g298570-d10254363-Reviews-Mr_Naan_Mrs_Idly-Kuala_Lumpur_Wilayah_Persekutuan.html
Wizards at Tribeca,4.5,87,"International, Contemporary",https://www.tripadvisor.com.my/Restaurant_Review-g298570-d13397163-Reviews-Wizards_at_Tribeca-Kuala_Lumpur_Wilayah_Persekutuan.html
WTF - What Tasty Food,4.0,214,"Italian, Chinese",https://www.tripadvisor.com.my/Restaurant_Review-g298570-d3642726-Reviews-WTF_What_Tasty_Food-Kuala_Lumpur_Wilayah_Persekutuan.html
Zipangu,4.0,265,"Japanese, Sushi",https://www.tripadvisor.com.my/Restaurant_Review-g298570-d919266-Reviews-Zipangu-Kuala_Lumpur_Wilayah_Persekutuan.html
Arthur’s Bar & Grill,4.0,263,"Bar, International",https://www.tripadvisor.com.my/Restaurant_Review-g298570-d2413587-Reviews-Arthur_s_Bar_Grill-Kuala_Lumpur_Wilayah_Persekutuan.html
Al-Amar,4.0,494,"Lebanese, Mediterranean",https://www.tripadvisor.com.my/Restaurant_Review-g298570-d1106704-Reviews-Al_Amar-Kuala_Lumpur_Wilayah_Persekutuan.html
Village Roast Duck,4.0,165,"Chinese, Asian",https://www.tripadvisor.com.my/Restaurant_Review-g298570-d6849249-Reviews-Village_Roast_Duck-Kuala_Lumpur_Wilayah_Persekutuan.html
Tribute Retro Cafe,5.0,50,Asian,https://www.tripadvisor.com.my/Restaurant_Review-g298570-d15000610-Reviews-Tribute_Retro_Cafe-Kuala_Lumpur_Wilayah_Persekutuan.html
Annalakshmi,4.5,194,"Indian, Asian",https://www.tripadvisor.com.my/Restaurant_Review-g298570-d1122368-Reviews-Annalakshmi-Kuala_Lumpur_Wilayah_Persekutuan.html
Monnalisa Ristorante Italiano,4.5,145,"Italian, Pizza",https://www.tripadvisor.com.my/Restaurant_Review-g298570-d11649349-Reviews-Monnalisa_Ristorante_Italiano-Kuala_Lumpur_Wilayah_Persekutuan.html
Malabar Palace Sri Hartamas,4.5,131,"Indian, Asian",https://www.tripadvisor.com.my/Restaurant_Review-g298570-d3683260-Reviews-Malabar_Palace_Sri_Hartamas-Kuala_Lumpur_Wilayah_Persekutuan.html
Sushi Oribe,4.5,181,"Japanese, Seafood",https://www.tripadvisor.com.my/Restaurant_Review-g298570-d8374255-Reviews-Sushi_Oribe-Kuala_Lumpur_Wilayah_Persekutuan.html
Signature by the Hill @ The Roof,4.0,251,International,https://www.tripadvisor.com.my/Restaurant_Review-g298313-d5569773-Reviews-Signature_by_the_Hill_The_Roof-Petaling_Jaya_Petaling_District_Selangor.html
Hornbill restaurant and cafe,4.0,264,"Asian, Malaysian",https://www.tripadvisor.com.my/Restaurant_Review-g298570-d3791828-Reviews-Hornbill_restaurant_and_cafe-Kuala_Lumpur_Wilayah_Persekutuan.html
WIP On The Park,5.0,32,"Bar, European",https://www.tripadvisor.com.my/Restaurant_Review-g298570-d23954605-Reviews-WIP_On_The_Park-Kuala_Lumpur_Wilayah_Persekutuan.html
Pool Bar & Grill,5.0,47,Middle Eastern,https://www.tripadvisor.com.my/Restaurant_Review-g298570-d15083758-Reviews-Pool_Bar_Grill-Kuala_Lumpur_Wilayah_Persekutuan.html
Restoran Rebung Chef Ismail,4.0,195,"Asian, Malaysian",https://www.tripadvisor.com.my/Restaurant_Review-g298570-d1090062-Reviews-Restoran_Rebung_Chef_Ismail-Kuala_Lumpur_Wilayah_Persekutuan.html
Nam Heong Chicken Rice Chinatown,4.0,217,"Chinese, Asian",https://www.tripadvisor.com.my/Restaurant_Review-g298570-d6474537-Reviews-Nam_Heong_Chicken_Rice_Chinatown-Kuala_Lumpur_Wilayah_Persekutuan.html
Sarang Cookery,4.5,83,"Asian, Nonya/Malaysian",https://www.tripadvisor.com.my/Restaurant_Review-g298570-d8843589-Reviews-Sarang_Cookery-Kuala_Lumpur_Wilayah_Persekutuan.html
Nando's,4.0,249,N/A,https://www.tripadvisor.com.my/Restaurant_Review-g298570-d5432226-Reviews-Nando_s-Kuala_Lumpur_Wilayah_Persekutuan.html
PLOY,4.5,204,Asian,https://www.tripadvisor.com.my/Restaurant_Review-g298570-d2325229-Reviews-PLOY-Kuala_Lumpur_Wilayah_Persekutuan.html
Barat Restaurant,4.5,76,N/A,https://www.tripadvisor.com.my/Restaurant_Review-g298570-d10045807-Reviews-Barat_Restaurant-Kuala_Lumpur_Wilayah_Persekutuan.html
The Hungry Tapir,4.5,52,"Asian, Fusion",https://www.tripadvisor.com.my/Restaurant_Review-g298570-d19951212-Reviews-The_Hungry_Tapir-Kuala_Lumpur_Wilayah_Persekutuan.html
Trace Restaurant & Bar,4.5,135,"Bar, International",https://www.tripadvisor.com.my/Restaurant_Review-g298570-d12221588-Reviews-Trace_Restaurant_Bar-Kuala_Lumpur_Wilayah_Persekutuan.html
Yeast,4.0,274,"French, European",https://www.tripadvisor.com.my/Restaurant_Review-g298570-d3814445-Reviews-Yeast-Kuala_Lumpur_Wilayah_Persekutuan.html
Izakaya Hanazen,4.5,141,"Japanese, Asian",https://www.tripadvisor.com.my/Restaurant_Review-g298570-d13498219-Reviews-Izakaya_Hanazen-Kuala_Lumpur_Wilayah_Persekutuan.html
Shook!,4.0,422,"International, Grill",https://www.tripadvisor.com.my/Restaurant_Review-g298570-d787377-Reviews-Shook-Kuala_Lumpur_Wilayah_Persekutuan.html
Tandoor Grill,4.5,56,"Indian, Asian",https://www.tripadvisor.com.my/Restaurant_Review-g298570-d17433678-Reviews-Tandoor_Grill-Kuala_Lumpur_Wilayah_Persekutuan.html
Cotta,5.0,23,"Cafe, Healthy",https://www.tripadvisor.com.my/Restaurant_Review-g298570-d26724916-Reviews-Cotta-Kuala_Lumpur_Wilayah_Persekutuan.html
Restoran Sek Yuen,4.0,180,"Chinese, Asian",https://www.tripadvisor.com.my/Restaurant_Review-g298570-d877638-Reviews-Restoran_Sek_Yuen-Kuala_Lumpur_Wilayah_Persekutuan.html
Tatto,4.5,157,"Italian, Pizza",https://www.tripadvisor.com.my/Restaurant_Review-g298570-d1436637-Reviews-Tatto-Kuala_Lumpur_Wilayah_Persekutuan.html
Marble 8,4.0,244,"Steakhouse, European",https://www.tripadvisor.com.my/Restaurant_Review-g298570-d6637419-Reviews-Marble_8-Kuala_Lumpur_Wilayah_Persekutuan.html
Palillos 'Spanish Yakitori Bar',4.5,56,"Japanese, Spanish",https://www.tripadvisor.com.my/Restaurant_Review-g298570-d8723713-Reviews-Palillos_Spanish_Yakitori_Bar-Kuala_Lumpur_Wilayah_Persekutuan.html
Grandmama's,4.0,395,"Asian, Malaysian",https://www.tripadvisor.com.my/Restaurant_Review-g298570-d2413588-Reviews-Grandmama_s-Kuala_Lumpur_Wilayah_Persekutuan.html
Mercat Barcelona Gastrobar,4.5,80,"Bar, Mediterranean",https://www.tripadvisor.com.my/Restaurant_Review-g298570-d12950182-Reviews-Mercat_Barcelona_Gastrobar-Kuala_Lumpur_Wilayah_Persekutuan.html
Sri Nirwana Maju Restaurant,4.0,330,"Indian, Asian",https://www.tripadvisor.com.my/Restaurant_Review-g298570-d2484872-Reviews-Sri_Nirwana_Maju_Restaurant-Kuala_Lumpur_Wilayah_Persekutuan.html
Havana Bar & Grill,4.0,378,"Bar, Grill",https://www.tripadvisor.com.my/Restaurant_Review-g298570-d1134193-Reviews-Havana_Bar_Grill-Kuala_Lumpur_Wilayah_Persekutuan.html
Meng Kee Grill Fish,4.0,182,"Chinese, Seafood",https://www.tripadvisor.com.my/Restaurant_Review-g298570-d7156293-Reviews-Meng_Kee_Grill_Fish-Kuala_Lumpur_Wilayah_Persekutuan.html
MAiSEN Sunway Pyramid,4.5,42,Japanese,https://www.tripadvisor.com.my/Restaurant_Review-g298313-d26631871-Reviews-MAiSEN_Sunway_Pyramid-Petaling_Jaya_Petaling_District_Selangor.html
Ole Ole Bali Balinese Specialties,4.0,126,"Asian, Indonesian",https://www.tripadvisor.com.my/Restaurant_Review-g298317-d7808305-Reviews-Ole_Ole_Bali_Balinese_Specialties-Subang_Jaya_Petaling_District_Selangor.html
hokkaido seafood restaurant,4.0,132,"Chinese, Seafood",https://www.tripadvisor.com.my/Restaurant_Review-g298570-d5517405-Reviews-Hokkaido_seafood_restaurant-Kuala_Lumpur_Wilayah_Persekutuan.html
Shanghai,4.5,158,"Chinese, Asian",https://www.tripadvisor.com.my/Restaurant_Review-g298570-d1075328-Reviews-Shanghai-Kuala_Lumpur_Wilayah_Persekutuan.html
Woodlands.my Vegetarian Restaurant,4.5,114,"Indian, Asian",https://www.tripadvisor.com.my/Restaurant_Review-g298570-d1915371-Reviews-Woodlands_my_Vegetarian_Restaurant-Kuala_Lumpur_Wilayah_Persekutuan.html
Rakuzen SS15 Courtyard,4.0,186,"Japanese, Sushi",https://www.tripadvisor.com.my/Restaurant_Review-g298317-d782937-Reviews-Rakuzen_SS15_Courtyard-Subang_Jaya_Petaling_District_Selangor.html
Rock Salt Restaurant,5.0,52,"Fusion, Mongolian",https://www.tripadvisor.com.my/Restaurant_Review-g298570-d13273990-Reviews-Rock_Salt_Restaurant-Kuala_Lumpur_Wilayah_Persekutuan.html
R Bar,5.0,21,"Bar, Pub",https://www.tripadvisor.com.my/Restaurant_Review-g298570-d19244577-Reviews-R_Bar-Kuala_Lumpur_Wilayah_Persekutuan.html
Orchid Restaurant,4.5,36,"Cafe, Barbecue",https://www.tripadvisor.com.my/Restaurant_Review-g298570-d13481605-Reviews-Orchid_Restaurant-Kuala_Lumpur_Wilayah_Persekutuan.html
The Ganga Cafe,4.0,185,"Indian, Asian",https://www.tripadvisor.com.my/Restaurant_Review-g298570-d5993225-Reviews-The_Ganga_Cafe-Kuala_Lumpur_Wilayah_Persekutuan.html
Table & Apron,4.5,73,N/A,https://www.tripadvisor.com.my/Restaurant_Review-g298313-d6737330-Reviews-Table_Apron-Petaling_Jaya_Petaling_District_Selangor.html
KLCC Chili's Grill & Bar,4.0,392,"Mexican, American",https://www.tripadvisor.com.my/Restaurant_Review-g298570-d2705840-Reviews-KLCC_Chili_s_Grill_Bar-Kuala_Lumpur_Wilayah_Persekutuan.html
Madam Kwan's Pavilion,3.5,555,"Asian, Nonya/Malaysian",https://www.tripadvisor.com.my/Restaurant_Review-g298570-d810551-Reviews-Madam_Kwan_s_Pavilion-Kuala_Lumpur_Wilayah_Persekutuan.html
Mojo Restaurant & Bar KL,4.0,101,"Bar, European",https://www.tripadvisor.com.my/Restaurant_Review-g298570-d4226607-Reviews-Mojo_Restaurant_Bar_KL-Kuala_Lumpur_Wilayah_Persekutuan.html
Precious Old China,4.0,255,"Chinese, Asian",https://www.tripadvisor.com.my/Restaurant_Review-g298570-d946575-Reviews-Precious_Old_China-Kuala_Lumpur_Wilayah_Persekutuan.html
Jalan Alor Malaysian Street Food Kitchen (KLIA),4.0,222,"Chinese, Asian",https://www.tripadvisor.com.my/Restaurant_Review-g298570-d2273357-Reviews-Jalan_Alor_Malaysian_Street_Food_Kitchen_KLIA-Kuala_Lumpur_Wilayah_Persekutuan.html
Lounge In The Sky Malaysia,4.5,47,"French, Southwestern",https://www.tripadvisor.com.my/Restaurant_Review-g298570-d19420634-Reviews-Lounge_In_The_Sky_Malaysia-Kuala_Lumpur_Wilayah_Persekutuan.html
Samba Brazilian Steakhouse Avenue K,4.0,243,"Steakhouse, Brazilian",https://www.tripadvisor.com.my/Restaurant_Review-g298570-d6590657-Reviews-Samba_Brazilian_Steakhouse_Avenue_K-Kuala_Lumpur_Wilayah_Persekutuan.html
Suzi's Corner,4.0,257,"American, Lebanese",https://www.tripadvisor.com.my/Restaurant_Review-g298570-d1020388-Reviews-Suzi_s_Corner-Kuala_Lumpur_Wilayah_Persekutuan.html
GravyBaby Bukit Damansara,4.0,142,"Bar, British",https://www.tripadvisor.com.my/Restaurant_Review-g298570-d12188717-Reviews-GravyBaby_Bukit_Damansara-Kuala_Lumpur_Wilayah_Persekutuan.html
Ticklish Ribs & 'Wiches,5.0,48,"Barbecue, Asian",https://www.tripadvisor.com.my/Restaurant_Review-g298570-d14182541-Reviews-Ticklish_Ribs_Wiches-Kuala_Lumpur_Wilayah_Persekutuan.html
Wong Ah Wah,3.5,618,"Chinese, Asian",https://www.tripadvisor.com.my/Restaurant_Review-g298570-d1166280-Reviews-Wong_Ah_Wah-Kuala_Lumpur_Wilayah_Persekutuan.html
Sham's Cooked With Love,5.0,80,"Indian, Asian",https://www.tripadvisor.com.my/Restaurant_Review-g298570-d8261247-Reviews-Sham_s_Cooked_With_Love-Kuala_Lumpur_Wilayah_Persekutuan.html
WIP Bangsar Shopping Centre,4.0,208,"Bar, International",https://www.tripadvisor.com.my/Restaurant_Review-g298570-d809034-Reviews-WIP_Bangsar_Shopping_Centre-Kuala_Lumpur_Wilayah_Persekutuan.html
Astana Restaurant,4.5,52,"Russian, Central Asian",https://www.tripadvisor.com.my/Restaurant_Review-g298570-d5873223-Reviews-Astana_Restaurant-Kuala_Lumpur_Wilayah_Persekutuan.html
Pampas Reserve Steakhouse,4.5,127,"Steakhouse, European",https://www.tripadvisor.com.my/Restaurant_Review-g298570-d3923749-Reviews-Pampas_Reserve_Steakhouse-Kuala_Lumpur_Wilayah_Persekutuan.html
Kenny Hills Bistro,4.5,31,"French, Bar",https://www.tripadvisor.com.my/Restaurant_Review-g298570-d24191772-Reviews-Kenny_Hills_Bistro-Kuala_Lumpur_Wilayah_Persekutuan.html
DIN by Din Tai Fung at Suria KLCC (NO PORK),4.0,135,Chinese,https://www.tripadvisor.com.my/Restaurant_Review-g298570-d12667637-Reviews-DIN_by_Din_Tai_Fung_at_Suria_KLCC_NO_PORK-Kuala_Lumpur_Wilayah_Persekutuan.html
Babe Restaurant,4.5,114,"Japanese, Asian",https://www.tripadvisor.com.my/Restaurant_Review-g298570-d10074490-Reviews-Babe_Restaurant-Kuala_Lumpur_Wilayah_Persekutuan.html
Sagar Restaurant,4.0,199,"Indian, Asian",https://www.tripadvisor.com.my/Restaurant_Review-g298570-d2099349-Reviews-Sagar_Restaurant-Kuala_Lumpur_Wilayah_Persekutuan.html
Suki-Ya,4.0,169,"Japanese, Asian",https://www.tripadvisor.com.my/Restaurant_Review-g298570-d2431709-Reviews-Suki_Ya-Kuala_Lumpur_Wilayah_Persekutuan.html
The Red Beanbag,4.0,166,"Cafe, Fusion",https://www.tripadvisor.com.my/Restaurant_Review-g298570-d2573616-Reviews-The_Red_Beanbag-Kuala_Lumpur_Wilayah_Persekutuan.html
Kin Kin Restaurant,4.0,204,"Chinese, Asian",https://www.tripadvisor.com.my/Restaurant_Review-g298570-d787202-Reviews-Kin_Kin_Restaurant-Kuala_Lumpur_Wilayah_Persekutuan.html
Roost,4.5,97,"European, Fusion",https://www.tripadvisor.com.my/Restaurant_Review-g298570-d4975566-Reviews-Roost-Kuala_Lumpur_Wilayah_Persekutuan.html
Taman Sari Brasserie,4.5,92,"Asian, Malaysian",https://www.tripadvisor.com.my/Restaurant_Review-g298570-d5016598-Reviews-Taman_Sari_Brasserie-Kuala_Lumpur_Wilayah_Persekutuan.html
Serendib Restaurant & Bar,4.5,47,Sri Lankan,https://www.tripadvisor.com.my/Restaurant_Review-g298570-d14055713-Reviews-Serendib_Restaurant_Bar-Kuala_Lumpur_Wilayah_Persekutuan.html
Mr Chew's Chino Latino Bar,4.0,142,"Asian, Fusion",https://www.tripadvisor.com.my/Restaurant_Review-g298570-d12334776-Reviews-Mr_Chew_s_Chino_Latino_Bar-Kuala_Lumpur_Wilayah_Persekutuan.html
Cinnamon Coffee House,4.5,104,"International, Asian",https://www.tripadvisor.com.my/Restaurant_Review-g298313-d3952726-Reviews-Cinnamon_Coffee_House-Petaling_Jaya_Petaling_District_Selangor.html
Lobby Lounge at Shangri-La Hotel,4.5,66,International,https://www.tripadvisor.com.my/Restaurant_Review-g298570-d8815005-Reviews-Lobby_Lounge_at_Shangri_La_Hotel-Kuala_Lumpur_Wilayah_Persekutuan.html
IPPUDO Gardens Mall,4.0,107,"Japanese, Asian",https://www.tripadvisor.com.my/Restaurant_Review-g298570-d6909904-Reviews-IPPUDO_Gardens_Mall-Kuala_Lumpur_Wilayah_Persekutuan.html
Tarbush Starhill,4.0,263,"Lebanese, Mediterranean",https://www.tripadvisor.com.my/Restaurant_Review-g298570-d966020-Reviews-Tarbush_Starhill-Kuala_Lumpur_Wilayah_Persekutuan.html
Serai Pavilion KL,4.0,138,"Asian, Malaysian",https://www.tripadvisor.com.my/Restaurant_Review-g298570-d3826906-Reviews-Serai_Pavilion_KL-Kuala_Lumpur_Wilayah_Persekutuan.html
Cantaloupe,4.0,250,"French, European",https://www.tripadvisor.com.my/Restaurant_Review-g298570-d6016708-Reviews-Cantaloupe-Kuala_Lumpur_Wilayah_Persekutuan.html
Gordon Ramsay Bar & Grill,4.5,63,British,https://www.tripadvisor.com.my/Restaurant_Review-g298317-d24127635-Reviews-Gordon_Ramsay_Bar_Grill-Subang_Jaya_Petaling_District_Selangor.html
Fahrenheit 600,4.0,108,"Italian, Pizza",https://www.tripadvisor.com.my/Restaurant_Review-g298570-d4459739-Reviews-Fahrenheit_600-Kuala_Lumpur_Wilayah_Persekutuan.html
Chez Gaston KL by Rendez-Vous,4.0,164,"French, European",https://www.tripadvisor.com.my/Restaurant_Review-g298570-d6949146-Reviews-Chez_Gaston_KL_by_Rendez_Vous-Kuala_Lumpur_Wilayah_Persekutuan.html
Colonial Cafe,4.0,183,"Cafe, International",https://www.tripadvisor.com.my/Restaurant_Review-g298570-d3703037-Reviews-Colonial_Cafe-Kuala_Lumpur_Wilayah_Persekutuan.html
The Magnificent Fish & Chips Bar,4.0,288,"Bar, Seafood",https://www.tripadvisor.com.my/Restaurant_Review-g298570-d1060035-Reviews-The_Magnificent_Fish_Chips_Bar-Kuala_Lumpur_Wilayah_Persekutuan.html
"Dolly Dim Sum, NU Sentral",4.0,152,"Chinese, Asian",https://www.tripadvisor.com.my/Restaurant_Review-g298570-d8818360-Reviews-Dolly_Dim_Sum_NU_Sentral-Kuala_Lumpur_Wilayah_Persekutuan.html
"Dolly Dim Sum, Suria KLCC",4.0,189,"Chinese, Asian",https://www.tripadvisor.com.my/Restaurant_Review-g298570-d11881129-Reviews-Dolly_Dim_Sum_Suria_KLCC-Kuala_Lumpur_Wilayah_Persekutuan.html
Oriental Pavillion,4.0,168,"Chinese, Cantonese",https://www.tripadvisor.com.my/Restaurant_Review-g298313-d1083052-Reviews-Oriental_Pavillion-Petaling_Jaya_Petaling_District_Selangor.html
Saravanaa Bhavan,4.0,188,"Indian, Asian",https://www.tripadvisor.com.my/Restaurant_Review-g298570-d3588953-Reviews-Saravanaa_Bhavan-Kuala_Lumpur_Wilayah_Persekutuan.html
Atmosphere 360 Revolving Restaurant,3.5,"1,776","International, Asian",https://www.tripadvisor.com.my/Restaurant_Review-g298570-d3345198-Reviews-Atmosphere_360_Revolving_Restaurant-Kuala_Lumpur_Wilayah_Persekutuan.html
Wadi Hadramawt,4.5,151,"Mediterranean, Arabic",https://www.tripadvisor.com.my/Restaurant_Review-g298570-d3812171-Reviews-Wadi_Hadramawt-Kuala_Lumpur_Wilayah_Persekutuan.html
The Italian Market,4.5,74,"Italian, Mediterranean",https://www.tripadvisor.com.my/Restaurant_Review-g298570-d12080008-Reviews-The_Italian_Market-Kuala_Lumpur_Wilayah_Persekutuan.html
Crystal,5.0,41,"American, Bar",https://www.tripadvisor.com.my/Restaurant_Review-g298570-d10542994-Reviews-Crystal-Kuala_Lumpur_Wilayah_Persekutuan.html
Muar Restaurant,4.5,105,"Asian, Nonya/Malaysian",https://www.tripadvisor.com.my/Restaurant_Review-g298570-d795117-Reviews-Muar_Restaurant-Kuala_Lumpur_Wilayah_Persekutuan.html
Essence Restaurant,4.0,166,"International, Asian",https://www.tripadvisor.com.my/Restaurant_Review-g298570-d1120846-Reviews-Essence_Restaurant-Kuala_Lumpur_Wilayah_Persekutuan.html
Bedouin Arabian Cuisine,4.5,50,"Mediterranean, Grill",https://www.tripadvisor.com.my/Restaurant_Review-g298570-d10297114-Reviews-Bedouin_Arabian_Cuisine-Kuala_Lumpur_Wilayah_Persekutuan.html
Naab,4.0,216,"Middle Eastern, Persian",https://www.tripadvisor.com.my/Restaurant_Review-g298570-d1233069-Reviews-Naab-Kuala_Lumpur_Wilayah_Persekutuan.html
Senja Restaurant,4.5,80,"Italian, European",https://www.tripadvisor.com.my/Restaurant_Review-g298316-d5849936-Reviews-Senja_Restaurant-Shah_Alam_Petaling_District_Selangor.html
Mo-Mo Paradise,5.0,38,"Japanese, Asian",https://www.tripadvisor.com.my/Restaurant_Review-g298570-d14051856-Reviews-Mo_Mo_Paradise-Kuala_Lumpur_Wilayah_Persekutuan.html
Ee Chinese Cuisine,4.5,47,"Chinese, Asian",https://www.tripadvisor.com.my/Restaurant_Review-g298313-d7929697-Reviews-Ee_Chinese_Cuisine-Petaling_Jaya_Petaling_District_Selangor.html
Celadon,4.0,172,"Asian, Thai",https://www.tripadvisor.com.my/Restaurant_Review-g298570-d1062370-Reviews-Celadon-Kuala_Lumpur_Wilayah_Persekutuan.html
Out of Africa Restaurant & Kudu Bar,4.0,140,"Bar, Grill",https://www.tripadvisor.com.my/Restaurant_Review-g298313-d1117187-Reviews-Out_of_Africa_Restaurant_Kudu_Bar-Petaling_Jaya_Petaling_District_Selangor.html
Kampai Yakiniku,5.0,18,"Japanese, Bar",https://www.tripadvisor.com.my/Restaurant_Review-g298570-d25165379-Reviews-Kampai_Yakiniku-Kuala_Lumpur_Wilayah_Persekutuan.html
Dharma Realm Guan Yin Sagely Monastery Canteen,4.5,68,"Chinese, Asian",https://www.tripadvisor.com.my/Restaurant_Review-g298570-d1798598-Reviews-Dharma_Realm_Guan_Yin_Sagely_Monastery_Canteen-Kuala_Lumpur_Wilayah_Persekutuan.html
Kanna Curry House,3.5,406,"Indian, Asian",https://www.tripadvisor.com.my/Restaurant_Review-g298313-d1122252-Reviews-Kanna_Curry_House-Petaling_Jaya_Petaling_District_Selangor.html
Lut Gastrobar,5.0,20,"Bars & Pubs, French",https://www.tripadvisor.com.my/Restaurant_Review-g298570-d24868148-Reviews-Lut_Gastrobar-Kuala_Lumpur_Wilayah_Persekutuan.html
Yezi Steamboat,4.5,80,"Chinese, Seafood",https://www.tripadvisor.com.my/Restaurant_Review-g298570-d9587713-Reviews-Yezi_Steamboat-Kuala_Lumpur_Wilayah_Persekutuan.html
Saravana Bhavan,4.0,180,"Indian, Asian",https://www.tripadvisor.com.my/Restaurant_Review-g298570-d866844-Reviews-Saravana_Bhavan-Kuala_Lumpur_Wilayah_Persekutuan.html
La Bodega Pavilion KL,4.0,236,"Bar, European",https://www.tripadvisor.com.my/Restaurant_Review-g298570-d1097410-Reviews-La_Bodega_Pavilion_KL-Kuala_Lumpur_Wilayah_Persekutuan.html
Joloko,4.5,68,"Caribbean, Jamaican",https://www.tripadvisor.com.my/Restaurant_Review-g298570-d14926477-Reviews-Joloko-Kuala_Lumpur_Wilayah_Persekutuan.html
Kayra Authentic Kerala Cuisine,4.5,95,Indian,https://www.tripadvisor.com.my/Restaurant_Review-g298570-d10210215-Reviews-Kayra_Authentic_Kerala_Cuisine-Kuala_Lumpur_Wilayah_Persekutuan.html
Durian SS2,4.0,98,"Asian, Malaysian",https://www.tripadvisor.com.my/Restaurant_Review-g298313-d12490851-Reviews-Durian_SS2-Petaling_Jaya_Petaling_District_Selangor.html
Gem Restaurant,4.0,187,"Indian, Asian",https://www.tripadvisor.com.my/Restaurant_Review-g298570-d1134082-Reviews-Gem_Restaurant-Kuala_Lumpur_Wilayah_Persekutuan.html
Gavel Coffee Kitchen Craft Beers,4.5,71,"Bar, Cafe",https://www.tripadvisor.com.my/Restaurant_Review-g298570-d13838143-Reviews-Gavel_Coffee_Kitchen_Craft_Beers-Kuala_Lumpur_Wilayah_Persekutuan.html
Hadramawt Kitchen,4.5,60,Middle Eastern,https://www.tripadvisor.com.my/Restaurant_Review-g298316-d6028817-Reviews-Hadramawt_Kitchen-Shah_Alam_Petaling_District_Selangor.html
Celestial Court,4.0,144,"Chinese, Asian",https://www.tripadvisor.com.my/Restaurant_Review-g298570-d1120847-Reviews-Celestial_Court-Kuala_Lumpur_Wilayah_Persekutuan.html
Restoran Stadium Negara,4.0,110,"Chinese, Seafood",https://www.tripadvisor.com.my/Restaurant_Review-g298570-d2643196-Reviews-Restoran_Stadium_Negara-Kuala_Lumpur_Wilayah_Persekutuan.html
Sun Hong Muk Koot Tea,4.0,161,Chinese,https://www.tripadvisor.com.my/Restaurant_Review-g298570-d3703811-Reviews-Sun_Hong_Muk_Koot_Tea-Kuala_Lumpur_Wilayah_Persekutuan.html
Lafite,4.0,224,"French, European",https://www.tripadvisor.com.my/Restaurant_Review-g298570-d939929-Reviews-Lafite-Kuala_Lumpur_Wilayah_Persekutuan.html
The Beato Aged Steakhouse,4.0,136,Steakhouse,https://www.tripadvisor.com.my/Restaurant_Review-g298570-d4268187-Reviews-The_Beato_Aged_Steakhouse-Kuala_Lumpur_Wilayah_Persekutuan.html
Bobo KL,4.5,59,"Bar, European",https://www.tripadvisor.com.my/Restaurant_Review-g298570-d9603847-Reviews-Bobo_KL-Kuala_Lumpur_Wilayah_Persekutuan.html
Chateau Dionne,4.5,33,"French, European",https://www.tripadvisor.com.my/Restaurant_Review-g298570-d21227415-Reviews-Chateau_Dionne-Kuala_Lumpur_Wilayah_Persekutuan.html
Layali El Sham Restaurant,4.5,39,"Turkish, Middle Eastern",https://www.tripadvisor.com.my/Restaurant_Review-g298570-d15578534-Reviews-Layali_El_Sham_Restaurant-Kuala_Lumpur_Wilayah_Persekutuan.html
Sala Vegan Plant-based Tex-Mex Restaurant,5.0,35,"Mexican, Healthy",https://www.tripadvisor.com.my/Restaurant_Review-g298570-d12381920-Reviews-Sala_Vegan_Plant_based_Tex_Mex_Restaurant-Kuala_Lumpur_Wilayah_Persekutuan.html
De.Wan 1958 By Chef Wan,4.0,77,Malaysian,https://www.tripadvisor.com.my/Restaurant_Review-g298570-d17735188-Reviews-De_Wan_1958_By_Chef_Wan-Kuala_Lumpur_Wilayah_Persekutuan.html
ABC Bistro Cafe,4.0,158,"Indian, Cafe",https://www.tripadvisor.com.my/Restaurant_Review-g298570-d9568701-Reviews-ABC_Bistro_Cafe-Kuala_Lumpur_Wilayah_Persekutuan.html
Luk Yu Tea House,4.0,145,"Chinese, Asian",https://www.tripadvisor.com.my/Restaurant_Review-g298570-d1110543-Reviews-Luk_Yu_Tea_House-Kuala_Lumpur_Wilayah_Persekutuan.html
The Daily Grind,4.0,127,"American, Bar",https://www.tripadvisor.com.my/Restaurant_Review-g298570-d1059013-Reviews-The_Daily_Grind-Kuala_Lumpur_Wilayah_Persekutuan.html
Way Modern Chinois,4.5,76,"Chinese, Asian",https://www.tripadvisor.com.my/Restaurant_Review-g298570-d6416478-Reviews-Way_Modern_Chinois-Kuala_Lumpur_Wilayah_Persekutuan.html
Shucked Oyster and Seafood Bar,4.5,127,Seafood,https://www.tripadvisor.com.my/Restaurant_Review-g298570-d4037454-Reviews-Shucked_Oyster_and_Seafood_Bar-Kuala_Lumpur_Wilayah_Persekutuan.html
Coliseum Cafe,3.5,332,Malaysian,https://www.tripadvisor.com.my/Restaurant_Review-g298570-d1164708-Reviews-Coliseum_Cafe-Kuala_Lumpur_Wilayah_Persekutuan.html
Portofino Bangsar Lucky Garden,4.0,128,"Italian, Pizza",https://www.tripadvisor.com.my/Restaurant_Review-g298570-d7378289-Reviews-Portofino_Bangsar_Lucky_Garden-Kuala_Lumpur_Wilayah_Persekutuan.html
Michelangelo’s Restaurant @ Solaris Mont’ Kiara,4.5,59,"Italian, Steakhouse",https://www.tripadvisor.com.my/Restaurant_Review-g298570-d7621442-Reviews-Michelangelo_s_Restaurant_Solaris_Mont_Kiara-Kuala_Lumpur_Wilayah_Persekutuan.html
TasteBud,4.5,45,"Indian, Middle Eastern",https://www.tripadvisor.com.my/Restaurant_Review-g298570-d7738891-Reviews-TasteBud-Kuala_Lumpur_Wilayah_Persekutuan.html
Cafe Cafe,4.0,168,"French, European",https://www.tripadvisor.com.my/Restaurant_Review-g298570-d874060-Reviews-Cafe_Cafe-Kuala_Lumpur_Wilayah_Persekutuan.html
Wildflowers,4.5,39,Asian,https://www.tripadvisor.com.my/Restaurant_Review-g298570-d18963004-Reviews-Wildflowers-Kuala_Lumpur_Wilayah_Persekutuan.html
ICC Pudu,4.0,63,"Chinese, Asian",https://www.tripadvisor.com.my/Restaurant_Review-g298570-d11641751-Reviews-ICC_Pudu-Kuala_Lumpur_Wilayah_Persekutuan.html
PJ’s Bar & Grill,4.5,49,"Bar, Grill",https://www.tripadvisor.com.my/Restaurant_Review-g298313-d14094731-Reviews-PJ_s_Bar_Grill-Petaling_Jaya_Petaling_District_Selangor.html
Arabella Restaurant,4.5,51,"Asian, Middle Eastern",https://www.tripadvisor.com.my/Restaurant_Review-g298570-d14172263-Reviews-Arabella_Restaurant-Kuala_Lumpur_Wilayah_Persekutuan.html
Delhi Royale,4.0,171,Indian,https://www.tripadvisor.com.my/Restaurant_Review-g298570-d6849258-Reviews-Delhi_Royale-Kuala_Lumpur_Wilayah_Persekutuan.html
1919 Restaurant,4.0,102,Asian,https://www.tripadvisor.com.my/Restaurant_Review-g298570-d3383307-Reviews-1919_Restaurant-Kuala_Lumpur_Wilayah_Persekutuan.html
Chocha Foodstore,4.0,130,Malaysian,https://www.tripadvisor.com.my/Restaurant_Review-g298570-d11644518-Reviews-Chocha_Foodstore-Kuala_Lumpur_Wilayah_Persekutuan.html
Rise & Shine by Tapestry,4.5,44,Grill,https://www.tripadvisor.com.my/Restaurant_Review-g298570-d17614083-Reviews-Rise_Shine_by_Tapestry-Kuala_Lumpur_Wilayah_Persekutuan.html
Pavilions Lounge,4.5,52,"Bar, Cafe",https://www.tripadvisor.com.my/Restaurant_Review-g298570-d1650323-Reviews-Pavilions_Lounge-Kuala_Lumpur_Wilayah_Persekutuan.html
FLOUR,4.0,142,"Indian, Asian",https://www.tripadvisor.com.my/Restaurant_Review-g298570-d12177735-Reviews-FLOUR-Kuala_Lumpur_Wilayah_Persekutuan.html
Wong Kee Hai Lam Chicken Rice & Roast Pork,4.5,78,"Chinese, Asian",https://www.tripadvisor.com.my/Restaurant_Review-g298570-d7846985-Reviews-Wong_Kee_Hai_Lam_Chicken_Rice_Roast_Pork-Kuala_Lumpur_Wilayah_Persekutuan.html
Breakfast Thieves,4.0,132,Malaysian,https://www.tripadvisor.com.my/Restaurant_Review-g298570-d10812910-Reviews-Breakfast_Thieves-Kuala_Lumpur_Wilayah_Persekutuan.html
Senya Izakaya Publika,4.0,112,"Japanese, Sushi",https://www.tripadvisor.com.my/Restaurant_Review-g298570-d4291044-Reviews-Senya_Izakaya_Publika-Kuala_Lumpur_Wilayah_Persekutuan.html
Ichi Zen Japanese Restaurant,4.0,77,"Japanese, Central Asian",https://www.tripadvisor.com.my/Restaurant_Review-g298570-d6599178-Reviews-Ichi_Zen_Japanese_Restaurant-Kuala_Lumpur_Wilayah_Persekutuan.html
Bistro a Table,4.0,94,"French, International",https://www.tripadvisor.com.my/Restaurant_Review-g298313-d2327253-Reviews-Bistro_a_Table-Petaling_Jaya_Petaling_District_Selangor.html
Sushi Zanmai,4.0,327,"Japanese, Sushi",https://www.tripadvisor.com.my/Restaurant_Review-g298570-d1013949-Reviews-Sushi_Zanmai-Kuala_Lumpur_Wilayah_Persekutuan.html
SOULed OUT Ampang,4.0,216,"Bar, International",https://www.tripadvisor.com.my/Restaurant_Review-g298570-d3730564-Reviews-SOULed_OUT_Ampang-Kuala_Lumpur_Wilayah_Persekutuan.html
Annie 1 Family Restaurant,4.0,82,"Chinese, Asian",https://www.tripadvisor.com.my/Restaurant_Review-g298313-d7375876-Reviews-Annie_1_Family_Restaurant-Petaling_Jaya_Petaling_District_Selangor.html
Vantador,4.0,70,"Steakhouse, Argentinian",https://www.tripadvisor.com.my/Restaurant_Review-g298570-d13388485-Reviews-Vantador-Kuala_Lumpur_Wilayah_Persekutuan.html
SOULed OUT Kuala Lumpur,4.0,290,"Pizza, Seafood",https://www.tripadvisor.com.my/Restaurant_Review-g298570-d1063126-Reviews-SOULed_OUT_Kuala_Lumpur-Kuala_Lumpur_Wilayah_Persekutuan.html
Dave's Bistro Bar & Grill,4.0,124,European,https://www.tripadvisor.com.my/Restaurant_Review-g298313-d2287935-Reviews-Dave_s_Bistro_Bar_Grill-Petaling_Jaya_Petaling_District_Selangor.html
Anne Elizabeth The Deli Restaurant,4.0,64,"Southwestern, European",https://www.tripadvisor.com.my/Restaurant_Review-g298570-d9786077-Reviews-Anne_Elizabeth_The_Deli_Restaurant-Kuala_Lumpur_Wilayah_Persekutuan.html
Damascus Restoran,4.5,32,"Lebanese, Fast food",https://www.tripadvisor.com.my/Restaurant_Review-g298570-d15215848-Reviews-Damascus_Restoran-Kuala_Lumpur_Wilayah_Persekutuan.html
Wurst,5.0,33,"German, Deli",https://www.tripadvisor.com.my/Restaurant_Review-g298570-d14099081-Reviews-Wurst-Kuala_Lumpur_Wilayah_Persekutuan.html
Yarl Restaurant,4.5,37,"Asian, Sri Lankan",https://www.tripadvisor.com.my/Restaurant_Review-g298570-d10481819-Reviews-Yarl_Restaurant-Kuala_Lumpur_Wilayah_Persekutuan.html
Fat Tea Macanese Food,4.5,46,"Cafe, Asian",https://www.tripadvisor.com.my/Restaurant_Review-g298313-d11691284-Reviews-Fat_Tea_Macanese_Food-Petaling_Jaya_Petaling_District_Selangor.html
Ginger Restaurant,4.0,178,"Indian, Asian",https://www.tripadvisor.com.my/Restaurant_Review-g298570-d1126552-Reviews-Ginger_Restaurant-Kuala_Lumpur_Wilayah_Persekutuan.html
Ti Chen Chinese Restaurant,4.5,39,"Chinese, Asian",https://www.tripadvisor.com.my/Restaurant_Review-g298316-d10060984-Reviews-Ti_Chen_Chinese_Restaurant-Shah_Alam_Petaling_District_Selangor.html
Nasi Lemak Wanjo,4.0,72,"Asian, Malaysian",https://www.tripadvisor.com.my/Restaurant_Review-g298570-d5853546-Reviews-Nasi_Lemak_Wanjo-Kuala_Lumpur_Wilayah_Persekutuan.html
Entier French Dining,4.0,115,"French, European",https://www.tripadvisor.com.my/Restaurant_Review-g298570-d14133149-Reviews-Entier_French_Dining-Kuala_Lumpur_Wilayah_Persekutuan.html
Hawker Stalls in Chinatown,4.0,152,"Chinese, Asian",https://www.tripadvisor.com.my/Restaurant_Review-g298570-d1164739-Reviews-Hawker_Stalls_in_Chinatown-Kuala_Lumpur_Wilayah_Persekutuan.html
Miss Ellie Tea House,4.5,54,"Cafe, British",https://www.tripadvisor.com.my/Restaurant_Review-g298570-d7009173-Reviews-Miss_Ellie_Tea_House-Kuala_Lumpur_Wilayah_Persekutuan.html
Fresh Unique Seafood 23,4.0,158,"Chinese, Seafood",https://www.tripadvisor.com.my/Restaurant_Review-g298313-d1062359-Reviews-Fresh_Unique_Seafood_23-Petaling_Jaya_Petaling_District_Selangor.html
Eyuzu Japanese Cuisine,4.5,64,"Japanese, Sushi",https://www.tripadvisor.com.my/Restaurant_Review-g298313-d2436740-Reviews-Eyuzu_Japanese_Cuisine-Petaling_Jaya_Petaling_District_Selangor.html
Gobo Chit Chat,4.0,258,"Seafood, International",https://www.tripadvisor.com.my/Restaurant_Review-g298570-d1832819-Reviews-Gobo_Chit_Chat-Kuala_Lumpur_Wilayah_Persekutuan.html
Sassolino,4.5,31,"Italian, Pizza",https://www.tripadvisor.com.my/Restaurant_Review-g298570-d19112347-Reviews-Sassolino-Kuala_Lumpur_Wilayah_Persekutuan.html
Restoran Siu Siu,4.0,114,"Chinese, Seafood",https://www.tripadvisor.com.my/Restaurant_Review-g298570-d7264504-Reviews-Restoran_Siu_Siu-Kuala_Lumpur_Wilayah_Persekutuan.html
Fuel Shack Signature,4.0,213,"American, Pizza",https://www.tripadvisor.com.my/Restaurant_Review-g298570-d5953742-Reviews-Fuel_Shack_Signature-Kuala_Lumpur_Wilayah_Persekutuan.html
Raw Kitchen Hall,5.0,15,"Latin, Spanish",https://www.tripadvisor.com.my/Restaurant_Review-g298570-d25297283-Reviews-Raw_Kitchen_Hall-Kuala_Lumpur_Wilayah_Persekutuan.html
The Courtyard at Pavilion Hotel Kuala Lumpur,4.5,33,"International, Asian",https://www.tripadvisor.com.my/Restaurant_Review-g298570-d17752932-Reviews-The_Courtyard_at_Pavilion_Hotel_Kuala_Lumpur-Kuala_Lumpur_Wilayah_Persekutuan.html
Isetan The Japan Store Lot 10,4.0,57,"Japanese, Asian",https://www.tripadvisor.com.my/Restaurant_Review-g298570-d13345677-Reviews-Isetan_The_Japan_Store_Lot_10-Kuala_Lumpur_Wilayah_Persekutuan.html
H2o Bar & Grill,5.0,16,"International, Barbecue",https://www.tripadvisor.com.my/Restaurant_Review-g298570-d7277687-Reviews-H2o_Bar_Grill-Kuala_Lumpur_Wilayah_Persekutuan.html
Old Town White Coffee,3.5,225,"Cafe, Asian",https://www.tripadvisor.com.my/Restaurant_Review-g298570-d3193931-Reviews-Old_Town_White_Coffee-Kuala_Lumpur_Wilayah_Persekutuan.html
Restoran Kudu Bin Abdul Nasi Kandar Penang,4.0,75,"Asian, Malaysian",https://www.tripadvisor.com.my/Restaurant_Review-g298570-d2339369-Reviews-Restoran_Kudu_Bin_Abdul_Nasi_Kandar_Penang-Kuala_Lumpur_Wilayah_Persekutuan.html
"Dolly Dim Sum, Pavilion Elite",4.0,99,"Chinese, Asian",https://www.tripadvisor.com.my/Restaurant_Review-g298570-d11945882-Reviews-Dolly_Dim_Sum_Pavilion_Elite-Kuala_Lumpur_Wilayah_Persekutuan.html
Chez Gaston,4.5,64,"French, European",https://www.tripadvisor.com.my/Restaurant_Review-g298570-d14955783-Reviews-Chez_Gaston-Kuala_Lumpur_Wilayah_Persekutuan.html
Canvass Bistro & Cocktail Bar,5.0,19,"European, Scandinavian",https://www.tripadvisor.com.my/Restaurant_Review-g298570-d21330314-Reviews-Canvass_Bistro_Cocktail_Bar-Kuala_Lumpur_Wilayah_Persekutuan.html
Sakana Japanese Dining,4.5,31,"Japanese, Sushi",https://www.tripadvisor.com.my/Restaurant_Review-g298570-d22922919-Reviews-Sakana_Japanese_Dining-Kuala_Lumpur_Wilayah_Persekutuan.html
Nasi Ayam Hainan Chee Meng,4.0,156,"Chinese, Asian",https://www.tripadvisor.com.my/Restaurant_Review-g298570-d3360498-Reviews-Nasi_Ayam_Hainan_Chee_Meng-Kuala_Lumpur_Wilayah_Persekutuan.html
Pampas at Old Malaya,4.0,143,Steakhouse,https://www.tripadvisor.com.my/Restaurant_Review-g298570-d10350098-Reviews-Pampas_at_Old_Malaya-Kuala_Lumpur_Wilayah_Persekutuan.html
33 Blue Room,4.0,63,Wine Bar,https://www.tripadvisor.com.my/Restaurant_Review-g298313-d10594043-Reviews-33_Blue_Room-Petaling_Jaya_Petaling_District_Selangor.html
Indian Empire Bukit Bintang,5.0,15,Indian,https://www.tripadvisor.com.my/Restaurant_Review-g298570-d26262610-Reviews-Indian_Empire_Bukit_Bintang-Kuala_Lumpur_Wilayah_Persekutuan.html
Ichiro Sushi Bar,4.5,65,"Japanese, Seafood",https://www.tripadvisor.com.my/Restaurant_Review-g298313-d8474777-Reviews-Ichiro_Sushi_Bar-Petaling_Jaya_Petaling_District_Selangor.html
OneSixFive Lounge,4.5,45,International,https://www.tripadvisor.com.my/Restaurant_Review-g298570-d6519034-Reviews-OneSixFive_Lounge-Kuala_Lumpur_Wilayah_Persekutuan.html
Koon Kee Wan Tan Mee,4.0,123,"Chinese, Malaysian",https://www.tripadvisor.com.my/Restaurant_Review-g298570-d2287051-Reviews-Koon_Kee_Wan_Tan_Mee-Kuala_Lumpur_Wilayah_Persekutuan.html
Grand Imperial Restaurant @ Bangsar Shopping Centre,4.0,111,"Chinese, Asian",https://www.tripadvisor.com.my/Restaurant_Review-g298570-d3525179-Reviews-Grand_Imperial_Restaurant_Bangsar_Shopping_Centre-Kuala_Lumpur_Wilayah_Persekutua.html
Quan's Kitchen,4.0,47,"International, Asian",https://www.tripadvisor.com.my/Restaurant_Review-g298570-d19979055-Reviews-Quan_s_Kitchen-Kuala_Lumpur_Wilayah_Persekutuan.html
Warisan Cafe,4.0,125,"Asian, Malaysian",https://www.tripadvisor.com.my/Restaurant_Review-g298570-d2588141-Reviews-Warisan_Cafe-Kuala_Lumpur_Wilayah_Persekutuan.html
OZEKI Tokyo Cuisine,4.0,132,"Japanese, Seafood",https://www.tripadvisor.com.my/Restaurant_Review-g298570-d1094495-Reviews-OZEKI_Tokyo_Cuisine-Kuala_Lumpur_Wilayah_Persekutuan.html
Blue Boy Vegetarian Food Centre,4.0,88,"Asian, Malaysian",https://www.tripadvisor.com.my/Restaurant_Review-g298570-d1164700-Reviews-Blue_Boy_Vegetarian_Food_Centre-Kuala_Lumpur_Wilayah_Persekutuan.html
Morganfield's,4.0,263,"American, Bar",https://www.tripadvisor.com.my/Restaurant_Review-g298570-d2421623-Reviews-Morganfield_s-Kuala_Lumpur_Wilayah_Persekutuan.html
Southern Rock Seafood,4.0,126,"Bar, Seafood",https://www.tripadvisor.com.my/Restaurant_Review-g298570-d7735866-Reviews-Southern_Rock_Seafood-Kuala_Lumpur_Wilayah_Persekutuan.html
Mitasu Restaurant,4.0,103,"Japanese, Sushi",https://www.tripadvisor.com.my/Restaurant_Review-g298570-d6599798-Reviews-Mitasu_Restaurant-Kuala_Lumpur_Wilayah_Persekutuan.html
"Ekkamai, Batai",4.0,94,"Asian, Thai",https://www.tripadvisor.com.my/Restaurant_Review-g298570-d9753797-Reviews-Ekkamai_Batai-Kuala_Lumpur_Wilayah_Persekutuan.html
Rama V Thai Cuisine,4.0,246,"Asian, Thai",https://www.tripadvisor.com.my/Restaurant_Review-g298570-d804244-Reviews-Rama_V_Thai_Cuisine-Kuala_Lumpur_Wilayah_Persekutuan.html
Berjaya Cafe,4.0,129,"Asian, Fusion",https://www.tripadvisor.com.my/Restaurant_Review-g298570-d838380-Reviews-Berjaya_Cafe-Kuala_Lumpur_Wilayah_Persekutuan.html
Naughty Babe Dirty Duck,4.0,110,Bar,https://www.tripadvisor.com.my/Restaurant_Review-g298570-d6609054-Reviews-Naughty_Babe_Dirty_Duck-Kuala_Lumpur_Wilayah_Persekutuan.html
Soleil,4.0,59,"International, European",https://www.tripadvisor.com.my/Restaurant_Review-g298570-d11893946-Reviews-Soleil-Kuala_Lumpur_Wilayah_Persekutuan.html
Barbeque Nation,4.5,34,"Indian, Barbecue",https://www.tripadvisor.com.my/Restaurant_Review-g298570-d14994001-Reviews-Barbeque_Nation-Kuala_Lumpur_Wilayah_Persekutuan.html
The Butcher's Table,4.0,48,N/A,https://www.tripadvisor.com.my/Restaurant_Review-g298313-d13238288-Reviews-The_Butcher_s_Table-Petaling_Jaya_Petaling_District_Selangor.html
Ah Sang Bak Kut Teh,4.5,61,"Chinese, Asian",https://www.tripadvisor.com.my/Restaurant_Review-g298313-d1063105-Reviews-Ah_Sang_Bak_Kut_Teh-Petaling_Jaya_Petaling_District_Selangor.html
Chili's,4.0,350,"Mexican, Southwestern",https://www.tripadvisor.com.my/Restaurant_Review-g298570-d789394-Reviews-Chili_s-Kuala_Lumpur_Wilayah_Persekutuan.html
Hakka,4.0,85,"Chinese, Asian",https://www.tripadvisor.com.my/Restaurant_Review-g298570-d5439370-Reviews-Hakka-Kuala_Lumpur_Wilayah_Persekutuan.html
Fresca Mexican Kitchen & Bar,4.0,169,"Mexican, Latin",https://www.tripadvisor.com.my/Restaurant_Review-g298570-d3326001-Reviews-Fresca_Mexican_Kitchen_Bar-Kuala_Lumpur_Wilayah_Persekutuan.html
Kyomo,4.5,49,"Japanese, Barbecue",https://www.tripadvisor.com.my/Restaurant_Review-g298570-d12700091-Reviews-Kyomo-Kuala_Lumpur_Wilayah_Persekutuan.html
Turkish Cafe Istanbul,4.0,70,"Mediterranean, Turkish",https://www.tripadvisor.com.my/Restaurant_Review-g298570-d7733476-Reviews-Turkish_Cafe_Istanbul-Kuala_Lumpur_Wilayah_Persekutuan.html
Bentley's Pub,4.0,74,"Bar, International",https://www.tripadvisor.com.my/Restaurant_Review-g298570-d6519176-Reviews-Bentley_s_Pub-Kuala_Lumpur_Wilayah_Persekutuan.html
Sage Restaurant & Wine Bar,4.0,133,"French, Seafood",https://www.tripadvisor.com.my/Restaurant_Review-g298570-d1163521-Reviews-Sage_Restaurant_Wine_Bar-Kuala_Lumpur_Wilayah_Persekutuan.html
"MO Bar at Mandarin Oriental, Kuala Lumpur",4.5,52,N/A,https://www.tripadvisor.com.my/Restaurant_Review-g298570-d3479114-Reviews-MO_Bar_at_Mandarin_Oriental_Kuala_Lumpur-Kuala_Lumpur_Wilayah_Persekutuan.html
Jam & Kaya Cafe,4.5,41,"Cafe, Asian",https://www.tripadvisor.com.my/Restaurant_Review-g298313-d6518848-Reviews-Jam_Kaya_Cafe-Petaling_Jaya_Petaling_District_Selangor.html
CuBar KL,5.0,15,"Mexican, Brazilian",https://www.tripadvisor.com.my/Restaurant_Review-g298570-d25410820-Reviews-CuBar_KL-Kuala_Lumpur_Wilayah_Persekutuan.html
Las Carretas Restaurant & Bar,4.5,52,Mexican,https://www.tripadvisor.com.my/Restaurant_Review-g298570-d6023266-Reviews-Las_Carretas_Restaurant_Bar-Kuala_Lumpur_Wilayah_Persekutuan.html
Aryan Restaurant,5.0,19,"Indian, Asian",https://www.tripadvisor.com.my/Restaurant_Review-g298570-d1160034-Reviews-Aryan_Restaurant-Kuala_Lumpur_Wilayah_Persekutuan.html
V88 Chinatown,4.5,42,"Cafe, Asian",https://www.tripadvisor.com.my/Restaurant_Review-g298570-d25338540-Reviews-V88_Chinatown-Kuala_Lumpur_Wilayah_Persekutuan.html
Foong Foong Restoran,4.0,66,"Chinese, Asian",https://www.tripadvisor.com.my/Restaurant_Review-g1087671-d1849991-Reviews-Foong_Foong_Restoran-Ampang_Selangor.html
Lemon Garden 2GO,4.5,63,"Asian, Deli",https://www.tripadvisor.com.my/Restaurant_Review-g298570-d2720157-Reviews-Lemon_Garden_2GO-Kuala_Lumpur_Wilayah_Persekutuan.html
Bar B Q Tonight Malaysia,4.0,77,"Barbecue, Grill",https://www.tripadvisor.com.my/Restaurant_Review-g298570-d6654221-Reviews-Bar_B_Q_Tonight_Malaysia-Kuala_Lumpur_Wilayah_Persekutuan.html
Heritage Pizza,4.5,23,"Italian, Pizza",https://www.tripadvisor.com.my/Restaurant_Review-g298570-d24811001-Reviews-Heritage_Pizza-Kuala_Lumpur_Wilayah_Persekutuan.html
Dragon-i,3.5,197,"Chinese, Asian",https://www.tripadvisor.com.my/Restaurant_Review-g298570-d1065570-Reviews-Dragon_i-Kuala_Lumpur_Wilayah_Persekutuan.html
Super Boring Club,5.0,17,"Japanese, Barbecue",https://www.tripadvisor.com.my/Restaurant_Review-g298570-d16713475-Reviews-Super_Boring_Club-Kuala_Lumpur_Wilayah_Persekutuan.html
The Farm Foodcraft,4.0,38,"Asian, Healthy",https://www.tripadvisor.com.my/Restaurant_Review-g298570-d19060577-Reviews-The_Farm_Foodcraft-Kuala_Lumpur_Wilayah_Persekutuan.html
The Resort Cafe,4.5,34,"Chinese, Indian",https://www.tripadvisor.com.my/Restaurant_Review-g298313-d9569959-Reviews-The_Resort_Cafe-Petaling_Jaya_Petaling_District_Selangor.html
Natalina Italian Kitchen,4.5,35,"Italian, Central-Italian",https://www.tripadvisor.com.my/Restaurant_Review-g298570-d21372459-Reviews-Natalina_Italian_Kitchen-Kuala_Lumpur_Wilayah_Persekutuan.html
Ante,4.0,107,"Steakhouse, International",https://www.tripadvisor.com.my/Restaurant_Review-g298570-d3929177-Reviews-Ante-Kuala_Lumpur_Wilayah_Persekutuan.html
Vinh City Entertainment,4.5,34,"Asian, Vietnamese",https://www.tripadvisor.com.my/Restaurant_Review-g298570-d4496361-Reviews-Vinh_City_Entertainment-Kuala_Lumpur_Wilayah_Persekutuan.html
Tonka Bean Cafe,4.0,150,"International, Asian",https://www.tripadvisor.com.my/Restaurant_Review-g298570-d4262812-Reviews-Tonka_Bean_Cafe-Kuala_Lumpur_Wilayah_Persekutuan.html
Chalet Suisse Restaurant,4.5,59,"Swiss, International",https://www.tripadvisor.com.my/Restaurant_Review-g298570-d811720-Reviews-Chalet_Suisse_Restaurant-Kuala_Lumpur_Wilayah_Persekutuan.html
Absolute Thai,4.0,163,"Asian, Thai",https://www.tripadvisor.com.my/Restaurant_Review-g298570-d4776705-Reviews-Absolute_Thai-Kuala_Lumpur_Wilayah_Persekutuan.html
Ichiyutei,4.5,34,Japanese,https://www.tripadvisor.com.my/Restaurant_Review-g298570-d13939523-Reviews-Ichiyutei-Kuala_Lumpur_Wilayah_Persekutuan.html
Latitude 03,4.5,24,Cafe,https://www.tripadvisor.com.my/Restaurant_Review-g298570-d13956524-Reviews-Latitude_03-Kuala_Lumpur_Wilayah_Persekutuan.html
Carnaval Churrascaria,4.0,61,"Brazilian, Barbecue",https://www.tripadvisor.com.my/Restaurant_Review-g298313-d3317390-Reviews-Carnaval_Churrascaria-Petaling_Jaya_Petaling_District_Selangor.html
Kogetsu Japanese Restaurant,4.0,55,"Japanese, Sushi",https://www.tripadvisor.com.my/Restaurant_Review-g298316-d4581033-Reviews-Kogetsu_Japanese_Restaurant-Shah_Alam_Petaling_District_Selangor.html
Cor Blimey! British Fish n Chips,4.0,57,"Seafood, British",https://www.tripadvisor.com.my/Restaurant_Review-g298317-d9779054-Reviews-Cor_Blimey_British_Fish_n_Chips-Subang_Jaya_Petaling_District_Selangor.html
Busaba Thai,4.0,80,"Asian, Thai",https://www.tripadvisor.com.my/Restaurant_Review-g298313-d7855480-Reviews-Busaba_Thai-Petaling_Jaya_Petaling_District_Selangor.html
Kinpachi Japanese Restaurant,4.0,55,"Japanese, Asian",https://www.tripadvisor.com.my/Restaurant_Review-g298317-d4221397-Reviews-Kinpachi_Japanese_Restaurant-Subang_Jaya_Petaling_District_Selangor.html
Singh Chapati House Sdn Bhd,4.0,88,"Indian, Asian",https://www.tripadvisor.com.my/Restaurant_Review-g298570-d7226712-Reviews-Singh_Chapati_House_Sdn_Bhd-Kuala_Lumpur_Wilayah_Persekutuan.html
The Uma Bali,4.5,76,"Asian, Indonesian",https://www.tripadvisor.com.my/Restaurant_Review-g298313-d1796771-Reviews-The_Uma_Bali-Petaling_Jaya_Petaling_District_Selangor.html
Café Deli by El Mesón @ Bangsar,4.0,104,"European, Spanish",https://www.tripadvisor.com.my/Restaurant_Review-g298570-d2041609-Reviews-Cafe_Deli_by_El_Meson_Bangsar-Kuala_Lumpur_Wilayah_Persekutuan.html
Peter's Pork Noodles,4.5,53,"Chinese, Asian",https://www.tripadvisor.com.my/Restaurant_Review-g298570-d4116484-Reviews-Peter_s_Pork_Noodles-Kuala_Lumpur_Wilayah_Persekutuan.html
Sushi Azabu,4.5,51,"Japanese, Seafood",https://www.tripadvisor.com.my/Restaurant_Review-g298570-d12141991-Reviews-Sushi_Azabu-Kuala_Lumpur_Wilayah_Persekutuan.html
Restoran Green View,4.0,138,"Chinese, Seafood",https://www.tripadvisor.com.my/Restaurant_Review-g298313-d1964886-Reviews-Restoran_Green_View-Petaling_Jaya_Petaling_District_Selangor.html
Heun Kee Claypot Chicken Rice,4.0,61,"Chinese, Asian",https://www.tripadvisor.com.my/Restaurant_Review-g298570-d3725701-Reviews-Heun_Kee_Claypot_Chicken_Rice-Kuala_Lumpur_Wilayah_Persekutuan.html
Alexis,3.5,211,Malaysian,https://www.tripadvisor.com.my/Restaurant_Review-g298570-d833500-Reviews-Alexis-Kuala_Lumpur_Wilayah_Persekutuan.html
Saravanaa Bhavan KLCC,4.0,61,"Indian, Asian",https://www.tripadvisor.com.my/Restaurant_Review-g298570-d10198794-Reviews-Saravanaa_Bhavan_KLCC-Kuala_Lumpur_Wilayah_Persekutuan.html
Dragon-i Peking Duck Restaurant @ Pavilion KL,4.0,165,"Chinese, Asian",https://www.tripadvisor.com.my/Restaurant_Review-g298570-d3330124-Reviews-Dragon_i_Peking_Duck_Restaurant_Pavilion_KL-Kuala_Lumpur_Wilayah_Persekutuan.html
Frisky Goat,4.0,82,"Cafe, European",https://www.tripadvisor.com.my/Restaurant_Review-g298570-d6656660-Reviews-Frisky_Goat-Kuala_Lumpur_Wilayah_Persekutuan.html
Mighty Monster,4.5,39,"Cafe, Asian",https://www.tripadvisor.com.my/Restaurant_Review-g298570-d13340140-Reviews-Mighty_Monster-Kuala_Lumpur_Wilayah_Persekutuan.html
IPPUDO Bangsar Shopping Centre,4.0,73,"Japanese, Sushi",https://www.tripadvisor.com.my/Restaurant_Review-g298570-d8405342-Reviews-IPPUDO_Bangsar_Shopping_Centre-Kuala_Lumpur_Wilayah_Persekutuan.html
Da Bao 打包,4.5,20,Bar,https://www.tripadvisor.com.my/Restaurant_Review-g298570-d23218535-Reviews-Da_Bao-Kuala_Lumpur_Wilayah_Persekutuan.html
Cilantro Restaurant & Wine Bar,4.0,135,"French, European",https://www.tripadvisor.com.my/Restaurant_Review-g298570-d2308959-Reviews-Cilantro_Restaurant_Wine_Bar-Kuala_Lumpur_Wilayah_Persekutuan.html
Porto Romano,4.0,182,"Italian, Pizza",https://www.tripadvisor.com.my/Restaurant_Review-g298570-d878329-Reviews-Porto_Romano-Kuala_Lumpur_Wilayah_Persekutuan.html
Jade Pavilion,5.0,15,"Chinese, Asian",https://www.tripadvisor.com.my/Restaurant_Review-g298570-d23261318-Reviews-Jade_Pavilion-Kuala_Lumpur_Wilayah_Persekutuan.html
New Chapter by The Owls Cafe,4.0,69,"Cafe, Fusion",https://www.tripadvisor.com.my/Restaurant_Review-g298570-d10032787-Reviews-New_Chapter_by_The_Owls_Cafe-Kuala_Lumpur_Wilayah_Persekutuan.html
Ciao,4.0,109,"Italian, Pizza",https://www.tripadvisor.com.my/Restaurant_Review-g298570-d1079665-Reviews-Ciao-Kuala_Lumpur_Wilayah_Persekutuan.html
Simple Life,4.0,67,"Asian, Malaysian",https://www.tripadvisor.com.my/Restaurant_Review-g298570-d5985293-Reviews-Simple_Life-Kuala_Lumpur_Wilayah_Persekutuan.html
Koong Woh Tong,4.0,59,Asian,https://www.tripadvisor.com.my/Restaurant_Review-g298570-d1992560-Reviews-Koong_Woh_Tong-Kuala_Lumpur_Wilayah_Persekutuan.html
Senya Sake and Dining,4.5,57,"Japanese, Sushi",https://www.tripadvisor.com.my/Restaurant_Review-g298570-d2558576-Reviews-Senya_Sake_and_Dining-Kuala_Lumpur_Wilayah_Persekutuan.html
sarvana bhavan,4.0,68,"Indian, Asian",https://www.tripadvisor.com.my/Restaurant_Review-g298570-d5553618-Reviews-Sarvana_bhavan-Kuala_Lumpur_Wilayah_Persekutuan.html
Huck's Cafe,4.5,56,"European, Contemporary",https://www.tripadvisor.com.my/Restaurant_Review-g298570-d2374469-Reviews-Huck_s_Cafe-Kuala_Lumpur_Wilayah_Persekutuan.html
Sambal Hijau,4.0,66,"Asian, Malaysian",https://www.tripadvisor.com.my/Restaurant_Review-g298570-d4004537-Reviews-Sambal_Hijau-Kuala_Lumpur_Wilayah_Persekutuan.html
SK Corner,4.0,101,"Indian, Asian",https://www.tripadvisor.com.my/Restaurant_Review-g298570-d2707109-Reviews-SK_Corner-Kuala_Lumpur_Wilayah_Persekutuan.html
Little Rara Thai Noodle House,4.5,44,"Asian, Thai",https://www.tripadvisor.com.my/Restaurant_Review-g298570-d9855457-Reviews-Little_Rara_Thai_Noodle_House-Kuala_Lumpur_Wilayah_Persekutuan.html
Vasco Hilton Kuala Lumpur,4.5,16,"Chinese, Japanese",https://www.tripadvisor.com.my/Restaurant_Review-g298570-d25073120-Reviews-Vasco_Hilton_Kuala_Lumpur-Kuala_Lumpur_Wilayah_Persekutuan.html
Restoran Soong Kee,4.0,74,"Asian, Malaysian",https://www.tripadvisor.com.my/Restaurant_Review-g298570-d1973578-Reviews-Restoran_Soong_Kee-Kuala_Lumpur_Wilayah_Persekutuan.html
Cameleon Vegetarian Restoran,4.5,43,"Chinese, Asian",https://www.tripadvisor.com.my/Restaurant_Review-g298570-d5432423-Reviews-Cameleon_Vegetarian_Restoran-Kuala_Lumpur_Wilayah_Persekutuan.html
M Grill - Malaysia,4.5,32,"Indian, Cafe",https://www.tripadvisor.com.my/Restaurant_Review-g298570-d15575889-Reviews-M_Grill_Malaysia-Kuala_Lumpur_Wilayah_Persekutuan.html
Madam Kwan’s,3.5,315,"Nonya/Malaysian, Malaysian",https://www.tripadvisor.com.my/Restaurant_Review-g298570-d1026425-Reviews-Madam_Kwan_s-Kuala_Lumpur_Wilayah_Persekutuan.html
Valentine Roti,4.5,76,"Indian, Malaysian",https://www.tripadvisor.com.my/Restaurant_Review-g298570-d2452869-Reviews-Valentine_Roti-Kuala_Lumpur_Wilayah_Persekutuan.html
Strato at Troika Sky Dining,4.0,145,"Italian, European",https://www.tripadvisor.com.my/Restaurant_Review-g298570-d7746323-Reviews-Strato_at_Troika_Sky_Dining-Kuala_Lumpur_Wilayah_Persekutuan.html
Bankara Ramen Malaysia,4.0,117,"Japanese, Asian",https://www.tripadvisor.com.my/Restaurant_Review-g298570-d6419803-Reviews-Bankara_Ramen_Malaysia-Kuala_Lumpur_Wilayah_Persekutuan.html
Melting Pot Cafe,4.0,141,"Asian, Malaysian",https://www.tripadvisor.com.my/Restaurant_Review-g298570-d1134194-Reviews-Melting_Pot_Cafe-Kuala_Lumpur_Wilayah_Persekutuan.html
Subway,4.0,147,"American, Fast food",https://www.tripadvisor.com.my/Restaurant_Review-g298570-d952538-Reviews-Subway-Kuala_Lumpur_Wilayah_Persekutuan.html
"AK Noodles House (One Utama, KL)",4.0,102,"Chinese, Seafood",https://www.tripadvisor.com.my/Restaurant_Review-g298313-d5438943-Reviews-AK_Noodles_House_One_Utama_KL-Petaling_Jaya_Petaling_District_Selangor.html
Two Hands Restaurant,4.5,30,"American, Bar",https://www.tripadvisor.com.my/Restaurant_Review-g298313-d12994491-Reviews-Two_Hands_Restaurant-Petaling_Jaya_Petaling_District_Selangor.html
The Mill Cafe,4.0,129,"Asian, Malaysian",https://www.tripadvisor.com.my/Restaurant_Review-g298570-d1074045-Reviews-The_Mill_Cafe-Kuala_Lumpur_Wilayah_Persekutuan.html
Jake's Charbroil Steaks-MEDAN DAMANSARA,4.0,133,"Steakhouse, Grill",https://www.tripadvisor.com.my/Restaurant_Review-g298570-d1090101-Reviews-Jake_s_Charbroil_Steaks_MEDAN_DAMANSARA-Kuala_Lumpur_Wilayah_Persekutuan.html
Willow @ W Kuala Lumpur,4.5,16,"Contemporary, Fusion",https://www.tripadvisor.com.my/Restaurant_Review-g298570-d23132833-Reviews-Willow_W_Kuala_Lumpur-Kuala_Lumpur_Wilayah_Persekutuan.html
Big Singh Chapati,4.0,109,"Indian, Asian",https://www.tripadvisor.com.my/Restaurant_Review-g298317-d10865538-Reviews-Big_Singh_Chapati-Subang_Jaya_Petaling_District_Selangor.html
Satay Tenong,5.0,11,"Asian, Indonesian",https://www.tripadvisor.com.my/Restaurant_Review-g298570-d26629222-Reviews-Satay_Tenong-Kuala_Lumpur_Wilayah_Persekutuan.html
Jibby & Co,3.5,222,Cafe,https://www.tripadvisor.com.my/Restaurant_Review-g298317-d6894511-Reviews-Jibby_Co-Subang_Jaya_Petaling_District_Selangor.html
Devi's Corner,3.5,268,"Indian, Asian",https://www.tripadvisor.com.my/Restaurant_Review-g298570-d1062404-Reviews-Devi_s_Corner-Kuala_Lumpur_Wilayah_Persekutuan.html
Rock Bottom Changkat,4.0,104,"Bars & Pubs, International",https://www.tripadvisor.com.my/Restaurant_Review-g298570-d9457807-Reviews-Rock_Bottom_Changkat-Kuala_Lumpur_Wilayah_Persekutuan.html
Tasty Chapathi Restaurant - PJ,4.5,28,"Indian, Asian",https://www.tripadvisor.com.my/Restaurant_Review-g298313-d13925917-Reviews-Tasty_Chapathi_Restaurant_PJ-Petaling_Jaya_Petaling_District_Selangor.html
Mr. Dakgalbi,4.0,69,"Asian, Korean",https://www.tripadvisor.com.my/Restaurant_Review-g298570-d5015764-Reviews-Mr_Dakgalbi-Kuala_Lumpur_Wilayah_Persekutuan.html
Ho Kow Hainanese Kopitiam,4.0,51,"Chinese, Cafe",https://www.tripadvisor.com.my/Restaurant_Review-g298570-d15579507-Reviews-Ho_Kow_Hainanese_Kopitiam-Kuala_Lumpur_Wilayah_Persekutuan.html
A'roma Dinings,4.0,71,"Italian, European",https://www.tripadvisor.com.my/Restaurant_Review-g298313-d9729301-Reviews-A_roma_Dinings-Petaling_Jaya_Petaling_District_Selangor.html
Bubble Bee Cafe,4.0,64,"Cafe, Fusion",https://www.tripadvisor.com.my/Restaurant_Review-g298570-d13436634-Reviews-Bubble_Bee_Cafe-Kuala_Lumpur_Wilayah_Persekutuan.html
Fat Brother,4.5,42,"Barbecue, Asian",https://www.tripadvisor.com.my/Restaurant_Review-g298570-d4556083-Reviews-Fat_Brother-Kuala_Lumpur_Wilayah_Persekutuan.html
Proof Pizza and Wine,4.0,64,"Italian, Pizza",https://www.tripadvisor.com.my/Restaurant_Review-g298570-d12183220-Reviews-Proof_Pizza_and_Wine-Kuala_Lumpur_Wilayah_Persekutuan.html
Sun Fong Bak Kut Teh,3.5,157,"Chinese, Asian",https://www.tripadvisor.com.my/Restaurant_Review-g298570-d6833074-Reviews-Sun_Fong_Bak_Kut_Teh-Kuala_Lumpur_Wilayah_Persekutuan.html
KomPassion,4.0,88,"Asian, Thai",https://www.tripadvisor.com.my/Restaurant_Review-g298313-d3903209-Reviews-KomPassion-Petaling_Jaya_Petaling_District_Selangor.html
Hokkaido Ramen Santouka,4.0,121,"Japanese, Asian",https://www.tripadvisor.com.my/Restaurant_Review-g298570-d2542285-Reviews-Hokkaido_Ramen_Santouka-Kuala_Lumpur_Wilayah_Persekutuan.html
Lisette's Café & Bakery Bangsar,4.0,59,"Cafe, European",https://www.tripadvisor.com.my/Restaurant_Review-g298570-d16668371-Reviews-Lisette_s_Cafe_Bakery_Bangsar-Kuala_Lumpur_Wilayah_Persekutuan.html
LI Restaurant,4.5,33,"Asian, Fusion",https://www.tripadvisor.com.my/Restaurant_Review-g298313-d10058815-Reviews-LI_Restaurant-Petaling_Jaya_Petaling_District_Selangor.html
The Loaf (Pavillion Kuala Lumpur),3.5,205,"Cafe, European",https://www.tripadvisor.com.my/Restaurant_Review-g298570-d794231-Reviews-The_Loaf_Pavillion_Kuala_Lumpur-Kuala_Lumpur_Wilayah_Persekutuan.html
Topshelf,4.0,71,"French, European",https://www.tripadvisor.com.my/Restaurant_Review-g298570-d3419072-Reviews-Topshelf-Kuala_Lumpur_Wilayah_Persekutuan.html
Outback Steakhouse BB Park,3.5,303,"Steakhouse, Australian",https://www.tripadvisor.com.my/Restaurant_Review-g298570-d1133491-Reviews-Outback_Steakhouse_BB_Park-Kuala_Lumpur_Wilayah_Persekutuan.html
Sahara Tent,4.0,99,"Lebanese, Middle Eastern",https://www.tripadvisor.com.my/Restaurant_Review-g298570-d809846-Reviews-Sahara_Tent-Kuala_Lumpur_Wilayah_Persekutuan.html
"Me'nate Steak & Middle Eastern, Ampang",4.0,101,Steakhouse,https://www.tripadvisor.com.my/Restaurant_Review-g1087671-d7716046-Reviews-Me_nate_Steak_Middle_Eastern_Ampang-Ampang_Selangor.html
"Ali, Muthu & Ah Hock",4.0,75,"Asian, Malaysian",https://www.tripadvisor.com.my/Restaurant_Review-g298570-d12447391-Reviews-Ali_Muthu_Ah_Hock-Kuala_Lumpur_Wilayah_Persekutuan.html
The Cafe at the Royal Selangor Visitor Centre,4.5,43,Cafe,https://www.tripadvisor.com.my/Restaurant_Review-g298570-d5859131-Reviews-The_Cafe_at_the_Royal_Selangor_Visitor_Centre-Kuala_Lumpur_Wilayah_Persekutuan.html
Vinni Jeyaa Banana Leaf Curry House,4.0,64,"Indian, Asian",https://www.tripadvisor.com.my/Restaurant_Review-g298570-d6561066-Reviews-Vinni_Jeyaa_Banana_Leaf_Curry_House-Kuala_Lumpur_Wilayah_Persekutuan.html
Moghul Mahal Restaurant,4.0,77,"Indian, Asian",https://www.tripadvisor.com.my/Restaurant_Review-g298570-d8274361-Reviews-Moghul_Mahal_Restaurant-Kuala_Lumpur_Wilayah_Persekutuan.html
Ante - 1 Utama Shopping Centre,4.0,71,"French, Steakhouse",https://www.tripadvisor.com.my/Restaurant_Review-g298313-d10833407-Reviews-Ante_1_Utama_Shopping_Centre-Petaling_Jaya_Petaling_District_Selangor.html
Restaurant Win Heng Seng,4.0,52,"Chinese, Asian",https://www.tripadvisor.com.my/Restaurant_Review-g298570-d2022367-Reviews-Restaurant_Win_Heng_Seng-Kuala_Lumpur_Wilayah_Persekutuan.html
Weissbrau Bistro & Bar,4.0,104,"German, Bar",https://www.tripadvisor.com.my/Restaurant_Review-g298570-d2354392-Reviews-Weissbrau_Bistro_Bar-Kuala_Lumpur_Wilayah_Persekutuan.html
Jatujak @ Siam Bangkok Street Food,4.0,51,"Seafood, Asian",https://www.tripadvisor.com.my/Restaurant_Review-g298313-d10920144-Reviews-Jatujak_Siam_Bangkok_Street_Food-Petaling_Jaya_Petaling_District_Selangor.html
Opus Bistro,4.0,83,"Italian, European",https://www.tripadvisor.com.my/Restaurant_Review-g298570-d1066411-Reviews-Opus_Bistro-Kuala_Lumpur_Wilayah_Persekutuan.html
Noble House,4.0,75,"Chinese, Asian",https://www.tripadvisor.com.my/Restaurant_Review-g298570-d1084483-Reviews-Noble_House-Kuala_Lumpur_Wilayah_Persekutuan.html
HANAYA Japanese Dining,4.5,55,"Japanese, Sushi",https://www.tripadvisor.com.my/Restaurant_Review-g298570-d8318336-Reviews-HANAYA_Japanese_Dining-Kuala_Lumpur_Wilayah_Persekutuan.html
Restoran Pik Wah,4.5,53,"Chinese, Asian",https://www.tripadvisor.com.my/Restaurant_Review-g298570-d5432265-Reviews-Restoran_Pik_Wah-Kuala_Lumpur_Wilayah_Persekutuan.html
The Locker & Loft,4.5,46,"Bar, Contemporary",https://www.tripadvisor.com.my/Restaurant_Review-g298313-d10069114-Reviews-The_Locker_Loft-Petaling_Jaya_Petaling_District_Selangor.html
Jeff Lee Kitchen,4.0,51,"Asian, Cantonese",https://www.tripadvisor.com.my/Restaurant_Review-g4340283-d8374553-Reviews-Jeff_Lee_Kitchen-Sungai_Buloh_Selangor.html
